mode: set
github.com/wolflang/wolf/cmd/wolf/main.go:19.13,36.55 4 0
github.com/wolflang/wolf/cmd/wolf/main.go:36.55,38.18 2 0
github.com/wolflang/wolf/cmd/wolf/main.go:38.18,40.5 1 0
github.com/wolflang/wolf/cmd/wolf/main.go:42.4,44.18 3 0
github.com/wolflang/wolf/cmd/wolf/main.go:44.18,47.5 2 0
github.com/wolflang/wolf/cmd/wolf/main.go:48.4,52.18 4 0
github.com/wolflang/wolf/cmd/wolf/main.go:52.18,53.37 1 0
github.com/wolflang/wolf/cmd/wolf/main.go:53.37,55.6 1 0
github.com/wolflang/wolf/cmd/wolf/main.go:56.5,56.15 1 0
github.com/wolflang/wolf/cmd/wolf/main.go:59.4,60.14 2 0
github.com/wolflang/wolf/cmd/wolf/main.go:64.2,68.55 1 0
github.com/wolflang/wolf/cmd/wolf/main.go:68.55,70.18 2 0
github.com/wolflang/wolf/cmd/wolf/main.go:70.18,72.5 1 0
github.com/wolflang/wolf/cmd/wolf/main.go:74.4,76.18 3 0
github.com/wolflang/wolf/cmd/wolf/main.go:76.18,79.5 2 0
github.com/wolflang/wolf/cmd/wolf/main.go:80.4,83.41 3 0
github.com/wolflang/wolf/cmd/wolf/main.go:87.2,91.55 1 0
github.com/wolflang/wolf/cmd/wolf/main.go:91.55,95.4 2 0
github.com/wolflang/wolf/cmd/wolf/main.go:98.2,102.55 1 0
github.com/wolflang/wolf/cmd/wolf/main.go:102.55,106.4 2 0
github.com/wolflang/wolf/cmd/wolf/main.go:110.2,118.55 2 0
github.com/wolflang/wolf/cmd/wolf/main.go:118.55,122.38 4 0
github.com/wolflang/wolf/cmd/wolf/main.go:122.38,124.5 1 0
github.com/wolflang/wolf/cmd/wolf/main.go:125.4,126.14 2 0
github.com/wolflang/wolf/cmd/wolf/main.go:130.2,134.55 1 0
github.com/wolflang/wolf/cmd/wolf/main.go:134.55,138.21 4 0
github.com/wolflang/wolf/cmd/wolf/main.go:138.21,140.5 1 0
github.com/wolflang/wolf/cmd/wolf/main.go:141.4,141.50 1 0
github.com/wolflang/wolf/cmd/wolf/main.go:141.50,143.5 1 0
github.com/wolflang/wolf/cmd/wolf/main.go:144.4,145.14 2 0
github.com/wolflang/wolf/cmd/wolf/main.go:149.2,153.55 1 0
github.com/wolflang/wolf/cmd/wolf/main.go:153.55,156.44 3 0
github.com/wolflang/wolf/cmd/wolf/main.go:156.44,158.5 1 0
github.com/wolflang/wolf/cmd/wolf/main.go:159.4,160.14 2 0
github.com/wolflang/wolf/cmd/wolf/main.go:164.2,167.55 1 0
github.com/wolflang/wolf/cmd/wolf/main.go:167.55,171.18 4 0
github.com/wolflang/wolf/cmd/wolf/main.go:171.18,173.5 1 0
github.com/wolflang/wolf/cmd/wolf/main.go:174.4,174.29 1 0
github.com/wolflang/wolf/cmd/wolf/main.go:174.29,176.5 1 0
github.com/wolflang/wolf/cmd/wolf/main.go:177.4,177.14 1 0
github.com/wolflang/wolf/cmd/wolf/main.go:181.2,184.55 1 0
github.com/wolflang/wolf/cmd/wolf/main.go:184.55,188.18 4 0
github.com/wolflang/wolf/cmd/wolf/main.go:188.18,190.5 1 0
github.com/wolflang/wolf/cmd/wolf/main.go:191.4,191.24 1 0
github.com/wolflang/wolf/cmd/wolf/main.go:191.24,193.5 1 0
github.com/wolflang/wolf/cmd/wolf/main.go:193.10,194.34 1 0
github.com/wolflang/wolf/cmd/wolf/main.go:194.34,196.6 1 0
github.com/wolflang/wolf/cmd/wolf/main.go:198.4,198.14 1 0
github.com/wolflang/wolf/cmd/wolf/main.go:202.2,205.55 1 0
github.com/wolflang/wolf/cmd/wolf/main.go:205.55,209.36 4 0
github.com/wolflang/wolf/cmd/wolf/main.go:209.36,211.5 1 0
github.com/wolflang/wolf/cmd/wolf/main.go:212.4,213.14 2 0
github.com/wolflang/wolf/cmd/wolf/main.go:217.2,220.48 1 0
github.com/wolflang/wolf/cmd/wolf/main.go:220.48,225.4 4 0
github.com/wolflang/wolf/cmd/wolf/main.go:228.2,242.55 6 0
github.com/wolflang/wolf/cmd/wolf/main.go:242.55,247.47 2 0
github.com/wolflang/wolf/cmd/wolf/main.go:247.47,249.19 2 0
github.com/wolflang/wolf/cmd/wolf/main.go:249.19,251.6 1 0
github.com/wolflang/wolf/cmd/wolf/main.go:252.5,252.27 1 0
github.com/wolflang/wolf/cmd/wolf/main.go:256.4,256.49 1 0
github.com/wolflang/wolf/cmd/wolf/main.go:256.49,258.5 1 0
github.com/wolflang/wolf/cmd/wolf/main.go:260.4,261.84 2 0
github.com/wolflang/wolf/cmd/wolf/main.go:261.84,263.5 1 0
github.com/wolflang/wolf/cmd/wolf/main.go:264.4,267.23 2 0
github.com/wolflang/wolf/cmd/wolf/main.go:268.15,269.64 1 0
github.com/wolflang/wolf/cmd/wolf/main.go:270.15,272.73 2 0
github.com/wolflang/wolf/cmd/wolf/main.go:273.12,274.60 1 0
github.com/wolflang/wolf/cmd/wolf/main.go:276.4,276.14 1 0
github.com/wolflang/wolf/cmd/wolf/main.go:279.2,286.55 3 0
github.com/wolflang/wolf/cmd/wolf/main.go:286.55,291.18 5 0
github.com/wolflang/wolf/cmd/wolf/main.go:291.18,293.5 1 0
github.com/wolflang/wolf/cmd/wolf/main.go:294.4,295.14 2 0
github.com/wolflang/wolf/cmd/wolf/main.go:300.2,309.57 4 0
github.com/wolflang/wolf/cmd/wolf/main.go:309.57,312.17 3 0
github.com/wolflang/wolf/cmd/wolf/main.go:312.17,315.4 1 0
github.com/wolflang/wolf/cmd/wolf/main.go:316.3,316.46 1 0
github.com/wolflang/wolf/cmd/wolf/main.go:319.2,323.55 2 0
github.com/wolflang/wolf/cmd/wolf/main.go:323.55,325.18 2 0
github.com/wolflang/wolf/cmd/wolf/main.go:325.18,327.5 1 0
github.com/wolflang/wolf/cmd/wolf/main.go:328.4,329.23 2 0
github.com/wolflang/wolf/cmd/wolf/main.go:332.2,338.55 3 0
github.com/wolflang/wolf/cmd/wolf/main.go:338.55,340.18 2 0
github.com/wolflang/wolf/cmd/wolf/main.go:340.18,342.5 1 0
github.com/wolflang/wolf/cmd/wolf/main.go:343.4,344.27 2 0
github.com/wolflang/wolf/cmd/wolf/main.go:347.2,352.55 2 0
github.com/wolflang/wolf/cmd/wolf/main.go:352.55,354.18 2 0
github.com/wolflang/wolf/cmd/wolf/main.go:354.18,356.5 1 0
github.com/wolflang/wolf/cmd/wolf/main.go:357.4,358.20 2 0
github.com/wolflang/wolf/cmd/wolf/main.go:362.2,365.55 1 0
github.com/wolflang/wolf/cmd/wolf/main.go:365.55,367.18 2 0
github.com/wolflang/wolf/cmd/wolf/main.go:367.18,369.5 1 0
github.com/wolflang/wolf/cmd/wolf/main.go:370.4,370.21 1 0
github.com/wolflang/wolf/cmd/wolf/main.go:374.2,378.55 1 0
github.com/wolflang/wolf/cmd/wolf/main.go:378.55,380.18 2 0
github.com/wolflang/wolf/cmd/wolf/main.go:380.18,382.5 1 0
github.com/wolflang/wolf/cmd/wolf/main.go:383.4,384.18 2 0
github.com/wolflang/wolf/cmd/wolf/main.go:384.18,386.5 1 0
github.com/wolflang/wolf/cmd/wolf/main.go:387.4,388.14 2 0
github.com/wolflang/wolf/cmd/wolf/main.go:392.2,396.42 3 0
github.com/wolflang/wolf/cmd/wolf/main.go:396.42,398.3 1 0
github.com/wolflang/wolf/cmd/wolf/main.go:404.19,406.16 2 0
github.com/wolflang/wolf/cmd/wolf/main.go:406.16,408.3 1 0
github.com/wolflang/wolf/cmd/wolf/main.go:410.2,410.45 1 0
github.com/wolflang/wolf/cmd/wolf/main.go:415.42,427.16 11 0
github.com/wolflang/wolf/cmd/wolf/main.go:427.16,429.3 1 0
github.com/wolflang/wolf/cmd/wolf/main.go:430.2,433.15 3 0
github.com/wolflang/wolf/cmd/wolf/main.go:434.18,435.20 1 0
github.com/wolflang/wolf/cmd/wolf/main.go:436.21,437.23 1 0
github.com/wolflang/wolf/cmd/wolf/main.go:438.18,439.20 1 0
github.com/wolflang/wolf/cmd/wolf/main.go:440.10,441.104 1 0
github.com/wolflang/wolf/internal/config/config.go:106.29,166.2 1 0
github.com/wolflang/wolf/internal/config/loader.go:17.52,22.22 3 0
github.com/wolflang/wolf/internal/config/loader.go:22.22,23.51 1 0
github.com/wolflang/wolf/internal/config/loader.go:23.51,25.4 1 0
github.com/wolflang/wolf/internal/config/loader.go:29.2,32.38 2 0
github.com/wolflang/wolf/internal/config/loader.go:32.38,34.3 1 0
github.com/wolflang/wolf/internal/config/loader.go:37.2,37.29 1 0
github.com/wolflang/wolf/internal/config/loader.go:37.29,39.3 1 0
github.com/wolflang/wolf/internal/config/loader.go:39.8,39.50 1 0
github.com/wolflang/wolf/internal/config/loader.go:39.50,47.3 2 0
github.com/wolflang/wolf/internal/config/loader.go:49.2,49.17 1 0
github.com/wolflang/wolf/internal/config/loader.go:54.40,56.6 2 0
github.com/wolflang/wolf/internal/config/loader.go:56.6,58.47 2 0
github.com/wolflang/wolf/internal/config/loader.go:58.47,60.4 1 0
github.com/wolflang/wolf/internal/config/loader.go:61.3,62.20 2 0
github.com/wolflang/wolf/internal/config/loader.go:62.20,63.9 1 0
github.com/wolflang/wolf/internal/config/loader.go:65.3,65.15 1 0
github.com/wolflang/wolf/internal/config/loader.go:67.2,67.11 1 0
github.com/wolflang/wolf/internal/config/loader.go:79.51,81.16 2 0
github.com/wolflang/wolf/internal/config/loader.go:81.16,83.3 1 0
github.com/wolflang/wolf/internal/config/loader.go:84.2,90.21 5 0
github.com/wolflang/wolf/internal/config/loader.go:90.21,98.17 5 0
github.com/wolflang/wolf/internal/config/loader.go:98.17,99.12 1 0
github.com/wolflang/wolf/internal/config/loader.go:103.3,103.67 1 0
github.com/wolflang/wolf/internal/config/loader.go:103.67,105.12 2 0
github.com/wolflang/wolf/internal/config/loader.go:109.3,110.13 2 0
github.com/wolflang/wolf/internal/config/loader.go:110.13,112.4 1 0
github.com/wolflang/wolf/internal/config/loader.go:114.3,117.67 3 0
github.com/wolflang/wolf/internal/config/loader.go:117.67,119.4 1 0
github.com/wolflang/wolf/internal/config/loader.go:122.2,122.22 1 0
github.com/wolflang/wolf/internal/config/loader.go:126.36,128.23 2 0
github.com/wolflang/wolf/internal/config/loader.go:128.23,129.16 1 0
github.com/wolflang/wolf/internal/config/loader.go:129.16,131.4 1 0
github.com/wolflang/wolf/internal/config/loader.go:132.3,132.28 1 0
github.com/wolflang/wolf/internal/config/loader.go:132.28,134.4 1 0
github.com/wolflang/wolf/internal/config/loader.go:136.2,136.10 1 0
github.com/wolflang/wolf/internal/config/loader.go:140.74,141.43 1 0
github.com/wolflang/wolf/internal/config/loader.go:141.43,143.3 1 0
github.com/wolflang/wolf/internal/config/loader.go:145.2,145.17 1 0
github.com/wolflang/wolf/internal/config/loader.go:146.13,147.14 1 0
github.com/wolflang/wolf/internal/config/loader.go:148.15,149.22 1 0
github.com/wolflang/wolf/internal/config/loader.go:150.14,151.21 1 0
github.com/wolflang/wolf/internal/config/loader.go:152.16,154.18 2 0
github.com/wolflang/wolf/internal/config/loader.go:154.18,156.5 1 0
github.com/wolflang/wolf/internal/config/loader.go:157.4,157.21 1 0
github.com/wolflang/wolf/internal/config/loader.go:158.18,159.25 1 0
github.com/wolflang/wolf/internal/config/loader.go:160.14,161.21 1 0
github.com/wolflang/wolf/internal/config/loader.go:162.11,163.32 1 0
github.com/wolflang/wolf/internal/config/loader.go:166.16,167.14 1 0
github.com/wolflang/wolf/internal/config/loader.go:168.15,169.25 1 0
github.com/wolflang/wolf/internal/config/loader.go:170.15,172.18 2 0
github.com/wolflang/wolf/internal/config/loader.go:172.18,174.5 1 0
github.com/wolflang/wolf/internal/config/loader.go:175.4,175.23 1 0
github.com/wolflang/wolf/internal/config/loader.go:176.23,178.18 2 0
github.com/wolflang/wolf/internal/config/loader.go:178.18,180.5 1 0
github.com/wolflang/wolf/internal/config/loader.go:181.4,181.33 1 0
github.com/wolflang/wolf/internal/config/loader.go:182.24,184.18 2 0
github.com/wolflang/wolf/internal/config/loader.go:184.18,186.5 1 0
github.com/wolflang/wolf/internal/config/loader.go:187.4,187.34 1 0
github.com/wolflang/wolf/internal/config/loader.go:188.27,190.18 2 0
github.com/wolflang/wolf/internal/config/loader.go:190.18,192.5 1 0
github.com/wolflang/wolf/internal/config/loader.go:193.4,193.33 1 0
github.com/wolflang/wolf/internal/config/loader.go:194.25,196.18 2 0
github.com/wolflang/wolf/internal/config/loader.go:196.18,198.5 1 0
github.com/wolflang/wolf/internal/config/loader.go:199.4,199.32 1 0
github.com/wolflang/wolf/internal/config/loader.go:200.22,202.18 2 0
github.com/wolflang/wolf/internal/config/loader.go:202.18,204.5 1 0
github.com/wolflang/wolf/internal/config/loader.go:205.4,205.29 1 0
github.com/wolflang/wolf/internal/config/loader.go:206.18,208.18 2 0
github.com/wolflang/wolf/internal/config/loader.go:208.18,210.5 1 0
github.com/wolflang/wolf/internal/config/loader.go:211.4,211.26 1 0
github.com/wolflang/wolf/internal/config/loader.go:212.11,213.32 1 0
github.com/wolflang/wolf/internal/config/loader.go:216.24,217.14 1 0
github.com/wolflang/wolf/internal/config/loader.go:218.17,219.23 1 0
github.com/wolflang/wolf/internal/config/loader.go:220.15,221.21 1 0
github.com/wolflang/wolf/internal/config/loader.go:222.15,224.18 2 0
github.com/wolflang/wolf/internal/config/loader.go:224.18,226.5 1 0
github.com/wolflang/wolf/internal/config/loader.go:227.4,227.19 1 0
github.com/wolflang/wolf/internal/config/loader.go:228.15,229.21 1 0
github.com/wolflang/wolf/internal/config/loader.go:230.15,231.21 1 0
github.com/wolflang/wolf/internal/config/loader.go:232.19,233.25 1 0
github.com/wolflang/wolf/internal/config/loader.go:234.20,236.18 2 0
github.com/wolflang/wolf/internal/config/loader.go:236.18,238.5 1 0
github.com/wolflang/wolf/internal/config/loader.go:239.4,239.23 1 0
github.com/wolflang/wolf/internal/config/loader.go:240.24,242.18 2 0
github.com/wolflang/wolf/internal/config/loader.go:242.18,244.5 1 0
github.com/wolflang/wolf/internal/config/loader.go:245.4,245.26 1 0
github.com/wolflang/wolf/internal/config/loader.go:246.23,248.18 2 0
github.com/wolflang/wolf/internal/config/loader.go:248.18,250.5 1 0
github.com/wolflang/wolf/internal/config/loader.go:251.4,251.26 1 0
github.com/wolflang/wolf/internal/config/loader.go:252.22,254.18 2 0
github.com/wolflang/wolf/internal/config/loader.go:254.18,256.5 1 0
github.com/wolflang/wolf/internal/config/loader.go:257.4,257.25 1 0
github.com/wolflang/wolf/internal/config/loader.go:258.20,259.25 1 0
github.com/wolflang/wolf/internal/config/loader.go:260.20,262.18 2 0
github.com/wolflang/wolf/internal/config/loader.go:262.18,264.5 1 0
github.com/wolflang/wolf/internal/config/loader.go:265.4,265.23 1 0
github.com/wolflang/wolf/internal/config/loader.go:266.11,267.32 1 0
github.com/wolflang/wolf/internal/config/loader.go:270.15,271.14 1 0
github.com/wolflang/wolf/internal/config/loader.go:272.15,273.24 1 0
github.com/wolflang/wolf/internal/config/loader.go:274.15,276.18 2 0
github.com/wolflang/wolf/internal/config/loader.go:276.18,278.5 1 0
github.com/wolflang/wolf/internal/config/loader.go:279.4,279.22 1 0
github.com/wolflang/wolf/internal/config/loader.go:280.19,281.28 1 0
github.com/wolflang/wolf/internal/config/loader.go:282.13,284.18 2 0
github.com/wolflang/wolf/internal/config/loader.go:284.18,286.5 1 0
github.com/wolflang/wolf/internal/config/loader.go:287.4,287.20 1 0
github.com/wolflang/wolf/internal/config/loader.go:288.11,289.32 1 0
github.com/wolflang/wolf/internal/config/loader.go:292.13,293.14 1 0
github.com/wolflang/wolf/internal/config/loader.go:294.17,295.24 1 0
github.com/wolflang/wolf/internal/config/loader.go:296.35,298.18 2 0
github.com/wolflang/wolf/internal/config/loader.go:298.18,300.5 1 0
github.com/wolflang/wolf/internal/config/loader.go:301.4,301.25 1 0
github.com/wolflang/wolf/internal/config/loader.go:302.20,303.27 1 0
github.com/wolflang/wolf/internal/config/loader.go:304.11,305.32 1 0
github.com/wolflang/wolf/internal/config/loader.go:308.13,309.14 1 0
github.com/wolflang/wolf/internal/config/loader.go:310.16,311.23 1 0
github.com/wolflang/wolf/internal/config/loader.go:312.17,313.24 1 0
github.com/wolflang/wolf/internal/config/loader.go:314.15,315.22 1 0
github.com/wolflang/wolf/internal/config/loader.go:316.11,317.32 1 0
github.com/wolflang/wolf/internal/config/loader.go:320.15,321.14 1 0
github.com/wolflang/wolf/internal/config/loader.go:322.18,323.26 1 0
github.com/wolflang/wolf/internal/config/loader.go:324.31,326.18 2 0
github.com/wolflang/wolf/internal/config/loader.go:326.18,328.5 1 0
github.com/wolflang/wolf/internal/config/loader.go:329.4,329.26 1 0
github.com/wolflang/wolf/internal/config/loader.go:330.18,332.18 2 0
github.com/wolflang/wolf/internal/config/loader.go:332.18,334.5 1 0
github.com/wolflang/wolf/internal/config/loader.go:335.4,335.24 1 0
github.com/wolflang/wolf/internal/config/loader.go:336.22,338.18 2 0
github.com/wolflang/wolf/internal/config/loader.go:338.18,340.5 1 0
github.com/wolflang/wolf/internal/config/loader.go:341.4,341.28 1 0
github.com/wolflang/wolf/internal/config/loader.go:342.11,343.32 1 0
github.com/wolflang/wolf/internal/config/loader.go:346.16,347.14 1 0
github.com/wolflang/wolf/internal/config/loader.go:348.15,350.24 2 0
github.com/wolflang/wolf/internal/config/loader.go:350.24,352.5 1 0
github.com/wolflang/wolf/internal/config/loader.go:353.4,353.25 1 0
github.com/wolflang/wolf/internal/config/loader.go:354.15,355.25 1 0
github.com/wolflang/wolf/internal/config/loader.go:356.11,357.32 1 0
github.com/wolflang/wolf/internal/config/loader.go:360.10,361.73 1 0
github.com/wolflang/wolf/internal/config/loader.go:363.10,363.10 0 0
github.com/wolflang/wolf/internal/config/loader.go:367.2,367.12 1 0
github.com/wolflang/wolf/internal/config/loader.go:373.34,374.43 1 0
github.com/wolflang/wolf/internal/config/loader.go:374.43,375.37 1 0
github.com/wolflang/wolf/internal/config/loader.go:375.37,377.4 1 0
github.com/wolflang/wolf/internal/config/loader.go:379.2,379.40 1 0
github.com/wolflang/wolf/internal/config/loader.go:379.40,380.37 1 0
github.com/wolflang/wolf/internal/config/loader.go:380.37,381.45 1 0
github.com/wolflang/wolf/internal/config/loader.go:381.45,383.5 1 0
github.com/wolflang/wolf/internal/config/loader.go:386.2,386.42 1 0
github.com/wolflang/wolf/internal/config/loader.go:386.42,387.37 1 0
github.com/wolflang/wolf/internal/config/loader.go:387.37,388.42 1 0
github.com/wolflang/wolf/internal/config/loader.go:388.42,390.5 1 0
github.com/wolflang/wolf/internal/config/loader.go:395.2,445.53 39 0
github.com/wolflang/wolf/internal/config/loader.go:450.38,452.29 2 0
github.com/wolflang/wolf/internal/config/loader.go:452.29,454.3 1 0
github.com/wolflang/wolf/internal/config/loader.go:456.2,456.52 1 0
github.com/wolflang/wolf/internal/config/loader.go:456.52,458.3 1 0
github.com/wolflang/wolf/internal/config/loader.go:460.2,460.61 1 0
github.com/wolflang/wolf/internal/config/loader.go:460.61,462.3 1 0
github.com/wolflang/wolf/internal/config/loader.go:464.2,465.30 2 0
github.com/wolflang/wolf/internal/config/loader.go:465.30,467.3 1 0
github.com/wolflang/wolf/internal/config/loader.go:469.2,469.25 1 0
github.com/wolflang/wolf/internal/config/loader.go:469.25,471.3 1 0
github.com/wolflang/wolf/internal/config/loader.go:472.2,472.28 1 0
github.com/wolflang/wolf/internal/config/loader.go:472.28,474.3 1 0
github.com/wolflang/wolf/internal/config/loader.go:475.2,475.42 1 0
github.com/wolflang/wolf/internal/config/loader.go:475.42,478.3 1 0
github.com/wolflang/wolf/internal/config/loader.go:479.2,479.28 1 0
github.com/wolflang/wolf/internal/config/loader.go:479.28,481.3 1 0
github.com/wolflang/wolf/internal/config/loader.go:483.2,484.63 2 0
github.com/wolflang/wolf/internal/config/loader.go:484.63,486.3 1 0
github.com/wolflang/wolf/internal/config/loader.go:488.2,489.33 2 0
github.com/wolflang/wolf/internal/config/loader.go:489.33,491.3 1 0
github.com/wolflang/wolf/internal/config/loader.go:493.2,493.12 1 0
github.com/wolflang/wolf/internal/config/loader.go:497.40,498.47 1 0
github.com/wolflang/wolf/internal/config/loader.go:499.32,500.19 1 0
github.com/wolflang/wolf/internal/config/loader.go:501.33,502.20 1 0
github.com/wolflang/wolf/internal/config/loader.go:504.2,504.56 1 0
github.com/wolflang/wolf/internal/ir/clone.go:7.30,9.20 2 1
github.com/wolflang/wolf/internal/ir/clone.go:9.20,11.3 1 1
github.com/wolflang/wolf/internal/ir/clone.go:12.2,13.28 2 1
github.com/wolflang/wolf/internal/ir/clone.go:16.48,17.18 1 1
github.com/wolflang/wolf/internal/ir/clone.go:17.18,19.3 1 1
github.com/wolflang/wolf/internal/ir/clone.go:21.2,21.18 1 1
github.com/wolflang/wolf/internal/ir/clone.go:22.19,23.16 1 1
github.com/wolflang/wolf/internal/ir/clone.go:23.16,25.4 1 1
github.com/wolflang/wolf/internal/ir/clone.go:27.3,30.13 4 1
github.com/wolflang/wolf/internal/ir/clone.go:32.22,34.37 2 1
github.com/wolflang/wolf/internal/ir/clone.go:34.37,37.39 2 1
github.com/wolflang/wolf/internal/ir/clone.go:37.39,38.13 1 1
github.com/wolflang/wolf/internal/ir/clone.go:40.4,40.42 1 1
github.com/wolflang/wolf/internal/ir/clone.go:42.3,42.16 1 1
github.com/wolflang/wolf/internal/ir/clone.go:44.21,45.16 1 1
github.com/wolflang/wolf/internal/ir/clone.go:45.16,47.4 1 1
github.com/wolflang/wolf/internal/ir/clone.go:48.3,49.32 2 1
github.com/wolflang/wolf/internal/ir/clone.go:49.32,51.4 1 1
github.com/wolflang/wolf/internal/ir/clone.go:52.3,52.16 1 1
github.com/wolflang/wolf/internal/ir/clone.go:54.19,55.16 1 1
github.com/wolflang/wolf/internal/ir/clone.go:55.16,57.4 1 1
github.com/wolflang/wolf/internal/ir/clone.go:58.3,59.35 2 1
github.com/wolflang/wolf/internal/ir/clone.go:59.35,61.4 1 1
github.com/wolflang/wolf/internal/ir/clone.go:62.3,62.16 1 1
github.com/wolflang/wolf/internal/ir/clone.go:64.25,65.16 1 1
github.com/wolflang/wolf/internal/ir/clone.go:65.16,67.4 1 1
github.com/wolflang/wolf/internal/ir/clone.go:70.3,74.32 2 1
github.com/wolflang/wolf/internal/ir/clone.go:76.10,78.11 1 1
github.com/wolflang/wolf/internal/ir/clone.go:84.57,86.2 1 1
github.com/wolflang/wolf/internal/ir/clone.go:88.70,89.18 1 1
github.com/wolflang/wolf/internal/ir/clone.go:89.18,91.3 1 1
github.com/wolflang/wolf/internal/ir/clone.go:93.2,93.18 1 1
github.com/wolflang/wolf/internal/ir/clone.go:94.38,95.17 1 1
github.com/wolflang/wolf/internal/ir/clone.go:95.17,97.4 1 1
github.com/wolflang/wolf/internal/ir/clone.go:99.22,100.37 1 1
github.com/wolflang/wolf/internal/ir/clone.go:100.37,102.23 2 1
github.com/wolflang/wolf/internal/ir/clone.go:102.23,104.13 1 1
github.com/wolflang/wolf/internal/ir/clone.go:106.4,109.21 2 1
github.com/wolflang/wolf/internal/ir/clone.go:110.64,111.39 1 1
github.com/wolflang/wolf/internal/ir/clone.go:111.39,112.52 1 1
github.com/wolflang/wolf/internal/ir/clone.go:112.52,114.7 1 1
github.com/wolflang/wolf/internal/ir/clone.go:116.23,117.86 1 1
github.com/wolflang/wolf/internal/ir/clone.go:117.86,118.39 1 1
github.com/wolflang/wolf/internal/ir/clone.go:118.39,120.52 2 1
github.com/wolflang/wolf/internal/ir/clone.go:120.52,122.8 1 1
github.com/wolflang/wolf/internal/ir/clone.go:128.4,128.39 1 1
github.com/wolflang/wolf/internal/ir/clone.go:131.21,132.32 1 1
github.com/wolflang/wolf/internal/ir/clone.go:132.32,134.4 1 1
github.com/wolflang/wolf/internal/ir/ir_nodes.go:79.30,79.39 1 1
github.com/wolflang/wolf/internal/ir/ir_nodes.go:88.29,88.38 1 1
github.com/wolflang/wolf/internal/ir/ir_nodes.go:95.27,95.36 1 1
github.com/wolflang/wolf/internal/ir/ir_nodes.go:102.29,102.38 1 1
github.com/wolflang/wolf/internal/ir/ir_nodes.go:112.25,112.34 1 1
github.com/wolflang/wolf/internal/ir/ir_nodes.go:128.26,128.35 1 1
github.com/wolflang/wolf/internal/ir/ir_nodes.go:138.28,138.37 1 1
github.com/wolflang/wolf/internal/ir/ir_nodes.go:147.29,147.38 1 1
github.com/wolflang/wolf/internal/ir/ir_nodes.go:160.28,160.37 1 1
github.com/wolflang/wolf/internal/ir/ir_nodes.go:169.31,169.40 1 1
github.com/wolflang/wolf/internal/ir/ir_nodes.go:177.28,177.37 1 1
github.com/wolflang/wolf/internal/ir/ir_nodes.go:182.30,182.39 1 1
github.com/wolflang/wolf/internal/ir/ir_nodes.go:189.28,189.37 1 1
github.com/wolflang/wolf/internal/ir/ir_nodes.go:196.26,196.35 1 1
github.com/wolflang/wolf/internal/ir/ir_nodes.go:206.32,206.41 1 1
github.com/wolflang/wolf/internal/ir/ir_nodes.go:214.28,214.37 1 1
github.com/wolflang/wolf/internal/ir/ir_nodes.go:228.24,228.33 1 1
github.com/wolflang/wolf/internal/ir/ir_nodes.go:235.25,235.34 1 1
github.com/wolflang/wolf/internal/ir/ir_nodes.go:242.27,242.36 1 1
github.com/wolflang/wolf/internal/ir/ir_nodes.go:249.28,249.37 1 1
github.com/wolflang/wolf/internal/ir/ir_nodes.go:256.26,256.35 1 1
github.com/wolflang/wolf/internal/ir/ir_nodes.go:261.25,261.34 1 1
github.com/wolflang/wolf/internal/ir/ir_nodes.go:270.29,270.38 1 1
github.com/wolflang/wolf/internal/ir/ir_nodes.go:278.28,278.37 1 1
github.com/wolflang/wolf/internal/ir/ir_nodes.go:287.27,287.36 1 1
github.com/wolflang/wolf/internal/ir/ir_nodes.go:295.30,295.39 1 1
github.com/wolflang/wolf/internal/ir/ir_nodes.go:305.33,305.42 1 1
github.com/wolflang/wolf/internal/ir/ir_nodes.go:314.29,314.38 1 1
github.com/wolflang/wolf/internal/ir/ir_nodes.go:322.28,322.37 1 1
github.com/wolflang/wolf/internal/ir/ir_nodes.go:330.27,330.36 1 1
github.com/wolflang/wolf/internal/ir/ir_nodes.go:340.25,340.34 1 1
github.com/wolflang/wolf/internal/ir/ir_nodes.go:348.28,348.37 1 1
github.com/wolflang/wolf/internal/ir/ir_nodes.go:357.26,357.35 1 1
github.com/wolflang/wolf/internal/ir/ir_nodes.go:365.29,365.38 1 1
github.com/wolflang/wolf/internal/ir/ir_nodes.go:372.27,372.36 1 1
github.com/wolflang/wolf/internal/ir/ir_nodes.go:380.27,380.36 1 1
github.com/wolflang/wolf/internal/ir/ir_nodes.go:387.27,387.36 1 1
github.com/wolflang/wolf/internal/ir/ir_nodes.go:395.30,395.39 1 1
github.com/wolflang/wolf/internal/ir/ir_nodes.go:403.31,403.40 1 1
github.com/wolflang/wolf/internal/ir/ir_nodes.go:410.27,410.36 1 1
github.com/wolflang/wolf/internal/ir/ir_nodes.go:421.28,421.37 1 1
github.com/wolflang/wolf/internal/ir/ir_nodes.go:429.28,429.37 1 1
github.com/wolflang/wolf/internal/ir/ir_nodes.go:437.30,437.39 1 1
github.com/wolflang/wolf/internal/config/config.go:106.29,166.2 1 0
github.com/wolflang/wolf/internal/config/loader.go:17.52,22.22 3 0
github.com/wolflang/wolf/internal/config/loader.go:22.22,23.51 1 0
github.com/wolflang/wolf/internal/config/loader.go:23.51,25.4 1 0
github.com/wolflang/wolf/internal/config/loader.go:29.2,32.38 2 0
github.com/wolflang/wolf/internal/config/loader.go:32.38,34.3 1 0
github.com/wolflang/wolf/internal/config/loader.go:37.2,37.29 1 0
github.com/wolflang/wolf/internal/config/loader.go:37.29,39.3 1 0
github.com/wolflang/wolf/internal/config/loader.go:39.8,39.50 1 0
github.com/wolflang/wolf/internal/config/loader.go:39.50,47.3 2 0
github.com/wolflang/wolf/internal/config/loader.go:49.2,49.17 1 0
github.com/wolflang/wolf/internal/config/loader.go:54.40,56.6 2 0
github.com/wolflang/wolf/internal/config/loader.go:56.6,58.47 2 0
github.com/wolflang/wolf/internal/config/loader.go:58.47,60.4 1 0
github.com/wolflang/wolf/internal/config/loader.go:61.3,62.20 2 0
github.com/wolflang/wolf/internal/config/loader.go:62.20,63.9 1 0
github.com/wolflang/wolf/internal/config/loader.go:65.3,65.15 1 0
github.com/wolflang/wolf/internal/config/loader.go:67.2,67.11 1 0
github.com/wolflang/wolf/internal/config/loader.go:79.51,81.16 2 0
github.com/wolflang/wolf/internal/config/loader.go:81.16,83.3 1 0
github.com/wolflang/wolf/internal/config/loader.go:84.2,90.21 5 0
github.com/wolflang/wolf/internal/config/loader.go:90.21,98.17 5 0
github.com/wolflang/wolf/internal/config/loader.go:98.17,99.12 1 0
github.com/wolflang/wolf/internal/config/loader.go:103.3,103.67 1 0
github.com/wolflang/wolf/internal/config/loader.go:103.67,105.12 2 0
github.com/wolflang/wolf/internal/config/loader.go:109.3,110.13 2 0
github.com/wolflang/wolf/internal/config/loader.go:110.13,112.4 1 0
github.com/wolflang/wolf/internal/config/loader.go:114.3,117.67 3 0
github.com/wolflang/wolf/internal/config/loader.go:117.67,119.4 1 0
github.com/wolflang/wolf/internal/config/loader.go:122.2,122.22 1 0
github.com/wolflang/wolf/internal/config/loader.go:126.36,128.23 2 0
github.com/wolflang/wolf/internal/config/loader.go:128.23,129.16 1 0
github.com/wolflang/wolf/internal/config/loader.go:129.16,131.4 1 0
github.com/wolflang/wolf/internal/config/loader.go:132.3,132.28 1 0
github.com/wolflang/wolf/internal/config/loader.go:132.28,134.4 1 0
github.com/wolflang/wolf/internal/config/loader.go:136.2,136.10 1 0
github.com/wolflang/wolf/internal/config/loader.go:140.74,141.43 1 0
github.com/wolflang/wolf/internal/config/loader.go:141.43,143.3 1 0
github.com/wolflang/wolf/internal/config/loader.go:145.2,145.17 1 0
github.com/wolflang/wolf/internal/config/loader.go:146.13,147.14 1 0
github.com/wolflang/wolf/internal/config/loader.go:148.15,149.22 1 0
github.com/wolflang/wolf/internal/config/loader.go:150.14,151.21 1 0
github.com/wolflang/wolf/internal/config/loader.go:152.16,154.18 2 0
github.com/wolflang/wolf/internal/config/loader.go:154.18,156.5 1 0
github.com/wolflang/wolf/internal/config/loader.go:157.4,157.21 1 0
github.com/wolflang/wolf/internal/config/loader.go:158.18,159.25 1 0
github.com/wolflang/wolf/internal/config/loader.go:160.14,161.21 1 0
github.com/wolflang/wolf/internal/config/loader.go:162.11,163.32 1 0
github.com/wolflang/wolf/internal/config/loader.go:166.16,167.14 1 0
github.com/wolflang/wolf/internal/config/loader.go:168.15,169.25 1 0
github.com/wolflang/wolf/internal/config/loader.go:170.15,172.18 2 0
github.com/wolflang/wolf/internal/config/loader.go:172.18,174.5 1 0
github.com/wolflang/wolf/internal/config/loader.go:175.4,175.23 1 0
github.com/wolflang/wolf/internal/config/loader.go:176.23,178.18 2 0
github.com/wolflang/wolf/internal/config/loader.go:178.18,180.5 1 0
github.com/wolflang/wolf/internal/config/loader.go:181.4,181.33 1 0
github.com/wolflang/wolf/internal/config/loader.go:182.24,184.18 2 0
github.com/wolflang/wolf/internal/config/loader.go:184.18,186.5 1 0
github.com/wolflang/wolf/internal/config/loader.go:187.4,187.34 1 0
github.com/wolflang/wolf/internal/config/loader.go:188.27,190.18 2 0
github.com/wolflang/wolf/internal/config/loader.go:190.18,192.5 1 0
github.com/wolflang/wolf/internal/config/loader.go:193.4,193.33 1 0
github.com/wolflang/wolf/internal/config/loader.go:194.25,196.18 2 0
github.com/wolflang/wolf/internal/config/loader.go:196.18,198.5 1 0
github.com/wolflang/wolf/internal/config/loader.go:199.4,199.32 1 0
github.com/wolflang/wolf/internal/config/loader.go:200.22,202.18 2 0
github.com/wolflang/wolf/internal/config/loader.go:202.18,204.5 1 0
github.com/wolflang/wolf/internal/config/loader.go:205.4,205.29 1 0
github.com/wolflang/wolf/internal/config/loader.go:206.18,208.18 2 0
github.com/wolflang/wolf/internal/config/loader.go:208.18,210.5 1 0
github.com/wolflang/wolf/internal/config/loader.go:211.4,211.26 1 0
github.com/wolflang/wolf/internal/config/loader.go:212.11,213.32 1 0
github.com/wolflang/wolf/internal/config/loader.go:216.24,217.14 1 0
github.com/wolflang/wolf/internal/config/loader.go:218.17,219.23 1 0
github.com/wolflang/wolf/internal/config/loader.go:220.15,221.21 1 0
github.com/wolflang/wolf/internal/config/loader.go:222.15,224.18 2 0
github.com/wolflang/wolf/internal/config/loader.go:224.18,226.5 1 0
github.com/wolflang/wolf/internal/config/loader.go:227.4,227.19 1 0
github.com/wolflang/wolf/internal/config/loader.go:228.15,229.21 1 0
github.com/wolflang/wolf/internal/config/loader.go:230.15,231.21 1 0
github.com/wolflang/wolf/internal/config/loader.go:232.19,233.25 1 0
github.com/wolflang/wolf/internal/config/loader.go:234.20,236.18 2 0
github.com/wolflang/wolf/internal/config/loader.go:236.18,238.5 1 0
github.com/wolflang/wolf/internal/config/loader.go:239.4,239.23 1 0
github.com/wolflang/wolf/internal/config/loader.go:240.24,242.18 2 0
github.com/wolflang/wolf/internal/config/loader.go:242.18,244.5 1 0
github.com/wolflang/wolf/internal/config/loader.go:245.4,245.26 1 0
github.com/wolflang/wolf/internal/config/loader.go:246.23,248.18 2 0
github.com/wolflang/wolf/internal/config/loader.go:248.18,250.5 1 0
github.com/wolflang/wolf/internal/config/loader.go:251.4,251.26 1 0
github.com/wolflang/wolf/internal/config/loader.go:252.22,254.18 2 0
github.com/wolflang/wolf/internal/config/loader.go:254.18,256.5 1 0
github.com/wolflang/wolf/internal/config/loader.go:257.4,257.25 1 0
github.com/wolflang/wolf/internal/config/loader.go:258.20,259.25 1 0
github.com/wolflang/wolf/internal/config/loader.go:260.20,262.18 2 0
github.com/wolflang/wolf/internal/config/loader.go:262.18,264.5 1 0
github.com/wolflang/wolf/internal/config/loader.go:265.4,265.23 1 0
github.com/wolflang/wolf/internal/config/loader.go:266.11,267.32 1 0
github.com/wolflang/wolf/internal/config/loader.go:270.15,271.14 1 0
github.com/wolflang/wolf/internal/config/loader.go:272.15,273.24 1 0
github.com/wolflang/wolf/internal/config/loader.go:274.15,276.18 2 0
github.com/wolflang/wolf/internal/config/loader.go:276.18,278.5 1 0
github.com/wolflang/wolf/internal/config/loader.go:279.4,279.22 1 0
github.com/wolflang/wolf/internal/config/loader.go:280.19,281.28 1 0
github.com/wolflang/wolf/internal/config/loader.go:282.13,284.18 2 0
github.com/wolflang/wolf/internal/config/loader.go:284.18,286.5 1 0
github.com/wolflang/wolf/internal/config/loader.go:287.4,287.20 1 0
github.com/wolflang/wolf/internal/config/loader.go:288.11,289.32 1 0
github.com/wolflang/wolf/internal/config/loader.go:292.13,293.14 1 0
github.com/wolflang/wolf/internal/config/loader.go:294.17,295.24 1 0
github.com/wolflang/wolf/internal/config/loader.go:296.35,298.18 2 0
github.com/wolflang/wolf/internal/config/loader.go:298.18,300.5 1 0
github.com/wolflang/wolf/internal/config/loader.go:301.4,301.25 1 0
github.com/wolflang/wolf/internal/config/loader.go:302.20,303.27 1 0
github.com/wolflang/wolf/internal/config/loader.go:304.11,305.32 1 0
github.com/wolflang/wolf/internal/config/loader.go:308.13,309.14 1 0
github.com/wolflang/wolf/internal/config/loader.go:310.16,311.23 1 0
github.com/wolflang/wolf/internal/config/loader.go:312.17,313.24 1 0
github.com/wolflang/wolf/internal/config/loader.go:314.15,315.22 1 0
github.com/wolflang/wolf/internal/config/loader.go:316.11,317.32 1 0
github.com/wolflang/wolf/internal/config/loader.go:320.15,321.14 1 0
github.com/wolflang/wolf/internal/config/loader.go:322.18,323.26 1 0
github.com/wolflang/wolf/internal/config/loader.go:324.31,326.18 2 0
github.com/wolflang/wolf/internal/config/loader.go:326.18,328.5 1 0
github.com/wolflang/wolf/internal/config/loader.go:329.4,329.26 1 0
github.com/wolflang/wolf/internal/config/loader.go:330.18,332.18 2 0
github.com/wolflang/wolf/internal/config/loader.go:332.18,334.5 1 0
github.com/wolflang/wolf/internal/config/loader.go:335.4,335.24 1 0
github.com/wolflang/wolf/internal/config/loader.go:336.22,338.18 2 0
github.com/wolflang/wolf/internal/config/loader.go:338.18,340.5 1 0
github.com/wolflang/wolf/internal/config/loader.go:341.4,341.28 1 0
github.com/wolflang/wolf/internal/config/loader.go:342.11,343.32 1 0
github.com/wolflang/wolf/internal/config/loader.go:346.16,347.14 1 0
github.com/wolflang/wolf/internal/config/loader.go:348.15,350.24 2 0
github.com/wolflang/wolf/internal/config/loader.go:350.24,352.5 1 0
github.com/wolflang/wolf/internal/config/loader.go:353.4,353.25 1 0
github.com/wolflang/wolf/internal/config/loader.go:354.15,355.25 1 0
github.com/wolflang/wolf/internal/config/loader.go:356.11,357.32 1 0
github.com/wolflang/wolf/internal/config/loader.go:360.10,361.73 1 0
github.com/wolflang/wolf/internal/config/loader.go:363.10,363.10 0 0
github.com/wolflang/wolf/internal/config/loader.go:367.2,367.12 1 0
github.com/wolflang/wolf/internal/config/loader.go:373.34,374.43 1 0
github.com/wolflang/wolf/internal/config/loader.go:374.43,375.37 1 0
github.com/wolflang/wolf/internal/config/loader.go:375.37,377.4 1 0
github.com/wolflang/wolf/internal/config/loader.go:379.2,379.40 1 0
github.com/wolflang/wolf/internal/config/loader.go:379.40,380.37 1 0
github.com/wolflang/wolf/internal/config/loader.go:380.37,381.45 1 0
github.com/wolflang/wolf/internal/config/loader.go:381.45,383.5 1 0
github.com/wolflang/wolf/internal/config/loader.go:386.2,386.42 1 0
github.com/wolflang/wolf/internal/config/loader.go:386.42,387.37 1 0
github.com/wolflang/wolf/internal/config/loader.go:387.37,388.42 1 0
github.com/wolflang/wolf/internal/config/loader.go:388.42,390.5 1 0
github.com/wolflang/wolf/internal/config/loader.go:395.2,445.53 39 0
github.com/wolflang/wolf/internal/config/loader.go:450.38,452.29 2 0
github.com/wolflang/wolf/internal/config/loader.go:452.29,454.3 1 0
github.com/wolflang/wolf/internal/config/loader.go:456.2,456.52 1 0
github.com/wolflang/wolf/internal/config/loader.go:456.52,458.3 1 0
github.com/wolflang/wolf/internal/config/loader.go:460.2,460.61 1 0
github.com/wolflang/wolf/internal/config/loader.go:460.61,462.3 1 0
github.com/wolflang/wolf/internal/config/loader.go:464.2,465.30 2 0
github.com/wolflang/wolf/internal/config/loader.go:465.30,467.3 1 0
github.com/wolflang/wolf/internal/config/loader.go:469.2,469.25 1 0
github.com/wolflang/wolf/internal/config/loader.go:469.25,471.3 1 0
github.com/wolflang/wolf/internal/config/loader.go:472.2,472.28 1 0
github.com/wolflang/wolf/internal/config/loader.go:472.28,474.3 1 0
github.com/wolflang/wolf/internal/config/loader.go:475.2,475.42 1 0
github.com/wolflang/wolf/internal/config/loader.go:475.42,478.3 1 0
github.com/wolflang/wolf/internal/config/loader.go:479.2,479.28 1 0
github.com/wolflang/wolf/internal/config/loader.go:479.28,481.3 1 0
github.com/wolflang/wolf/internal/config/loader.go:483.2,484.63 2 0
github.com/wolflang/wolf/internal/config/loader.go:484.63,486.3 1 0
github.com/wolflang/wolf/internal/config/loader.go:488.2,489.33 2 0
github.com/wolflang/wolf/internal/config/loader.go:489.33,491.3 1 0
github.com/wolflang/wolf/internal/config/loader.go:493.2,493.12 1 0
github.com/wolflang/wolf/internal/config/loader.go:497.40,498.47 1 0
github.com/wolflang/wolf/internal/config/loader.go:499.32,500.19 1 0
github.com/wolflang/wolf/internal/config/loader.go:501.33,502.20 1 0
github.com/wolflang/wolf/internal/config/loader.go:504.2,504.56 1 0
github.com/wolflang/wolf/internal/emitter/ir_emitter.go:23.45,30.2 1 1
github.com/wolflang/wolf/internal/emitter/ir_emitter.go:33.63,41.42 3 1
github.com/wolflang/wolf/internal/emitter/ir_emitter.go:41.42,42.27 1 1
github.com/wolflang/wolf/internal/emitter/ir_emitter.go:43.25,46.30 2 1
github.com/wolflang/wolf/internal/emitter/ir_emitter.go:46.30,52.5 2 0
github.com/wolflang/wolf/internal/emitter/ir_emitter.go:53.4,53.51 1 1
github.com/wolflang/wolf/internal/emitter/ir_emitter.go:54.26,56.48 2 1
github.com/wolflang/wolf/internal/emitter/ir_emitter.go:57.30,59.56 2 0
github.com/wolflang/wolf/internal/emitter/ir_emitter.go:60.11,62.21 2 1
github.com/wolflang/wolf/internal/emitter/ir_emitter.go:62.21,64.5 1 1
github.com/wolflang/wolf/internal/emitter/ir_emitter.go:69.2,69.29 1 1
github.com/wolflang/wolf/internal/emitter/ir_emitter.go:69.29,71.3 1 1
github.com/wolflang/wolf/internal/emitter/ir_emitter.go:73.2,75.15 2 1
github.com/wolflang/wolf/internal/emitter/ir_emitter.go:82.63,85.38 3 1
github.com/wolflang/wolf/internal/emitter/ir_emitter.go:85.38,86.30 1 1
github.com/wolflang/wolf/internal/emitter/ir_emitter.go:86.30,88.4 1 0
github.com/wolflang/wolf/internal/emitter/ir_emitter.go:88.9,90.4 1 1
github.com/wolflang/wolf/internal/emitter/ir_emitter.go:92.2,97.45 4 1
github.com/wolflang/wolf/internal/emitter/ir_emitter.go:97.45,98.19 1 1
github.com/wolflang/wolf/internal/emitter/ir_emitter.go:98.19,100.4 1 0
github.com/wolflang/wolf/internal/emitter/ir_emitter.go:101.3,101.19 1 1
github.com/wolflang/wolf/internal/emitter/ir_emitter.go:102.39,103.18 1 1
github.com/wolflang/wolf/internal/emitter/ir_emitter.go:103.18,104.71 1 1
github.com/wolflang/wolf/internal/emitter/ir_emitter.go:104.71,106.32 2 1
github.com/wolflang/wolf/internal/emitter/ir_emitter.go:106.32,107.91 1 0
github.com/wolflang/wolf/internal/emitter/ir_emitter.go:107.91,109.52 2 0
github.com/wolflang/wolf/internal/emitter/ir_emitter.go:109.52,113.36 3 0
github.com/wolflang/wolf/internal/emitter/ir_emitter.go:113.36,120.39 5 0
github.com/wolflang/wolf/internal/emitter/ir_emitter.go:120.39,122.11 1 0
github.com/wolflang/wolf/internal/emitter/ir_emitter.go:125.10,125.43 1 0
github.com/wolflang/wolf/internal/emitter/ir_emitter.go:125.43,127.11 1 0
github.com/wolflang/wolf/internal/emitter/ir_emitter.go:129.10,130.44 2 0
github.com/wolflang/wolf/internal/emitter/ir_emitter.go:130.44,131.37 1 0
github.com/wolflang/wolf/internal/emitter/ir_emitter.go:131.37,133.12 1 0
github.com/wolflang/wolf/internal/emitter/ir_emitter.go:135.10,139.53 3 0
github.com/wolflang/wolf/internal/emitter/ir_emitter.go:145.5,145.33 1 1
github.com/wolflang/wolf/internal/emitter/ir_emitter.go:147.23,148.38 1 1
github.com/wolflang/wolf/internal/emitter/ir_emitter.go:148.38,150.29 2 1
github.com/wolflang/wolf/internal/emitter/ir_emitter.go:150.29,152.6 1 1
github.com/wolflang/wolf/internal/emitter/ir_emitter.go:154.22,155.33 1 1
github.com/wolflang/wolf/internal/emitter/ir_emitter.go:155.33,157.5 1 1
github.com/wolflang/wolf/internal/emitter/ir_emitter.go:158.20,159.36 1 0
github.com/wolflang/wolf/internal/emitter/ir_emitter.go:159.36,161.5 1 0
github.com/wolflang/wolf/internal/emitter/ir_emitter.go:165.2,165.46 1 1
github.com/wolflang/wolf/internal/emitter/ir_emitter.go:169.66,170.42 1 1
github.com/wolflang/wolf/internal/emitter/ir_emitter.go:170.42,171.56 1 1
github.com/wolflang/wolf/internal/emitter/ir_emitter.go:171.56,172.56 1 1
github.com/wolflang/wolf/internal/emitter/ir_emitter.go:172.56,173.58 1 0
github.com/wolflang/wolf/internal/emitter/ir_emitter.go:173.58,174.54 1 0
github.com/wolflang/wolf/internal/emitter/ir_emitter.go:174.54,175.68 1 0
github.com/wolflang/wolf/internal/emitter/ir_emitter.go:175.68,177.43 2 0
github.com/wolflang/wolf/internal/emitter/ir_emitter.go:177.43,179.9 1 0
github.com/wolflang/wolf/internal/emitter/ir_emitter.go:180.8,180.35 1 0
github.com/wolflang/wolf/internal/emitter/ir_emitter.go:191.61,192.26 1 1
github.com/wolflang/wolf/internal/emitter/ir_emitter.go:193.30,194.27 1 1
github.com/wolflang/wolf/internal/emitter/ir_emitter.go:195.23,196.26 1 0
github.com/wolflang/wolf/internal/emitter/ir_emitter.go:197.26,198.29 1 1
github.com/wolflang/wolf/internal/emitter/ir_emitter.go:199.26,200.29 1 0
github.com/wolflang/wolf/internal/emitter/ir_emitter.go:201.22,202.25 1 1
github.com/wolflang/wolf/internal/emitter/ir_emitter.go:203.23,204.26 1 1
github.com/wolflang/wolf/internal/emitter/ir_emitter.go:205.27,206.30 1 1
github.com/wolflang/wolf/internal/emitter/ir_emitter.go:207.25,208.28 1 0
github.com/wolflang/wolf/internal/emitter/ir_emitter.go:209.25,210.28 1 1
github.com/wolflang/wolf/internal/emitter/ir_emitter.go:211.28,212.27 1 0
github.com/wolflang/wolf/internal/emitter/ir_emitter.go:213.28,214.27 1 0
github.com/wolflang/wolf/internal/emitter/ir_emitter.go:215.25,216.24 1 0
github.com/wolflang/wolf/internal/emitter/ir_emitter.go:217.34,218.28 1 0
github.com/wolflang/wolf/internal/emitter/ir_emitter.go:219.30,220.24 1 0
github.com/wolflang/wolf/internal/emitter/ir_emitter.go:221.33,222.30 1 0
github.com/wolflang/wolf/internal/emitter/ir_emitter.go:223.25,224.24 1 0
github.com/wolflang/wolf/internal/emitter/ir_emitter.go:225.10,226.13 1 0
github.com/wolflang/wolf/internal/emitter/ir_emitter.go:230.68,232.48 1 1
github.com/wolflang/wolf/internal/emitter/ir_emitter.go:232.48,233.92 1 1
github.com/wolflang/wolf/internal/emitter/ir_emitter.go:233.92,239.17 3 1
github.com/wolflang/wolf/internal/emitter/ir_emitter.go:239.17,240.44 1 1
github.com/wolflang/wolf/internal/emitter/ir_emitter.go:240.44,241.33 1 1
github.com/wolflang/wolf/internal/emitter/ir_emitter.go:241.33,244.7 2 1
github.com/wolflang/wolf/internal/emitter/ir_emitter.go:248.4,252.5 1 1
github.com/wolflang/wolf/internal/emitter/ir_emitter.go:257.2,257.47 1 1
github.com/wolflang/wolf/internal/emitter/ir_emitter.go:257.47,258.56 1 0
github.com/wolflang/wolf/internal/emitter/ir_emitter.go:258.56,259.22 1 0
github.com/wolflang/wolf/internal/emitter/ir_emitter.go:260.17,261.33 1 0
github.com/wolflang/wolf/internal/emitter/ir_emitter.go:262.17,263.33 1 0
github.com/wolflang/wolf/internal/emitter/ir_emitter.go:264.19,265.35 1 0
github.com/wolflang/wolf/internal/emitter/ir_emitter.go:270.2,270.47 1 1
github.com/wolflang/wolf/internal/emitter/ir_emitter.go:274.66,283.25 7 0
github.com/wolflang/wolf/internal/emitter/ir_emitter.go:283.25,284.58 1 0
github.com/wolflang/wolf/internal/emitter/ir_emitter.go:284.58,286.4 1 0
github.com/wolflang/wolf/internal/emitter/ir_emitter.go:287.3,287.58 1 0
github.com/wolflang/wolf/internal/emitter/ir_emitter.go:287.58,289.4 1 0
github.com/wolflang/wolf/internal/emitter/ir_emitter.go:291.2,291.25 1 0
github.com/wolflang/wolf/internal/emitter/ir_emitter.go:291.25,292.57 1 0
github.com/wolflang/wolf/internal/emitter/ir_emitter.go:292.57,294.4 1 0
github.com/wolflang/wolf/internal/emitter/ir_emitter.go:297.2,301.3 1 0
github.com/wolflang/wolf/internal/emitter/ir_emitter.go:305.66,313.25 6 0
github.com/wolflang/wolf/internal/emitter/ir_emitter.go:313.25,315.3 1 0
github.com/wolflang/wolf/internal/emitter/ir_emitter.go:315.8,317.3 1 0
github.com/wolflang/wolf/internal/emitter/ir_emitter.go:319.2,319.25 1 0
github.com/wolflang/wolf/internal/emitter/ir_emitter.go:319.25,321.3 1 0
github.com/wolflang/wolf/internal/emitter/ir_emitter.go:323.2,323.52 1 0
github.com/wolflang/wolf/internal/emitter/ir_emitter.go:327.68,334.25 5 0
github.com/wolflang/wolf/internal/emitter/ir_emitter.go:334.25,336.3 1 0
github.com/wolflang/wolf/internal/emitter/ir_emitter.go:337.2,337.25 1 0
github.com/wolflang/wolf/internal/emitter/ir_emitter.go:337.25,339.3 1 0
github.com/wolflang/wolf/internal/emitter/ir_emitter.go:341.2,344.3 1 0
github.com/wolflang/wolf/internal/emitter/ir_emitter.go:347.60,352.20 4 0
github.com/wolflang/wolf/internal/emitter/ir_emitter.go:352.20,354.3 1 0
github.com/wolflang/wolf/internal/emitter/ir_emitter.go:356.2,360.3 1 0
github.com/wolflang/wolf/internal/emitter/ir_emitter.go:363.66,368.15 3 1
github.com/wolflang/wolf/internal/emitter/ir_emitter.go:368.15,369.42 1 1
github.com/wolflang/wolf/internal/emitter/ir_emitter.go:369.42,370.31 1 1
github.com/wolflang/wolf/internal/emitter/ir_emitter.go:370.31,373.5 2 1
github.com/wolflang/wolf/internal/emitter/ir_emitter.go:377.2,381.3 1 1
github.com/wolflang/wolf/internal/emitter/ir_emitter.go:384.66,386.29 2 0
github.com/wolflang/wolf/internal/emitter/ir_emitter.go:386.29,388.3 1 0
github.com/wolflang/wolf/internal/emitter/ir_emitter.go:389.2,389.39 1 0
github.com/wolflang/wolf/internal/emitter/ir_emitter.go:392.58,398.32 2 1
github.com/wolflang/wolf/internal/emitter/ir_emitter.go:398.32,403.3 1 0
github.com/wolflang/wolf/internal/emitter/ir_emitter.go:405.2,405.23 1 1
github.com/wolflang/wolf/internal/emitter/ir_emitter.go:405.23,407.3 1 1
github.com/wolflang/wolf/internal/emitter/ir_emitter.go:409.2,409.15 1 1
github.com/wolflang/wolf/internal/emitter/ir_emitter.go:412.60,419.2 1 1
github.com/wolflang/wolf/internal/emitter/ir_emitter.go:421.68,423.20 2 1
github.com/wolflang/wolf/internal/emitter/ir_emitter.go:423.20,425.3 1 0
github.com/wolflang/wolf/internal/emitter/ir_emitter.go:426.2,433.3 2 1
github.com/wolflang/wolf/internal/emitter/ir_emitter.go:436.64,444.2 1 0
github.com/wolflang/wolf/internal/emitter/ir_emitter.go:446.64,451.29 2 1
github.com/wolflang/wolf/internal/emitter/ir_emitter.go:451.29,452.58 1 1
github.com/wolflang/wolf/internal/emitter/ir_emitter.go:452.58,454.4 1 1
github.com/wolflang/wolf/internal/emitter/ir_emitter.go:454.9,460.4 2 1
github.com/wolflang/wolf/internal/emitter/ir_emitter.go:463.2,463.15 1 1
github.com/wolflang/wolf/internal/emitter/ir_emitter.go:466.66,468.22 2 0
github.com/wolflang/wolf/internal/emitter/ir_emitter.go:468.22,470.3 1 0
github.com/wolflang/wolf/internal/emitter/ir_emitter.go:472.2,476.3 1 0
github.com/wolflang/wolf/internal/emitter/ir_emitter.go:479.66,482.41 2 0
github.com/wolflang/wolf/internal/emitter/ir_emitter.go:482.41,483.56 1 0
github.com/wolflang/wolf/internal/emitter/ir_emitter.go:483.56,484.56 1 0
github.com/wolflang/wolf/internal/emitter/ir_emitter.go:484.56,489.5 1 0
github.com/wolflang/wolf/internal/emitter/ir_emitter.go:492.2,493.36 2 0
github.com/wolflang/wolf/internal/emitter/ir_emitter.go:496.74,500.28 2 0
github.com/wolflang/wolf/internal/emitter/ir_emitter.go:500.28,502.3 1 0
github.com/wolflang/wolf/internal/emitter/ir_emitter.go:503.2,508.3 2 0
github.com/wolflang/wolf/internal/emitter/ir_emitter.go:511.60,513.2 1 0
github.com/wolflang/wolf/internal/emitter/ir_emitter.go:515.73,524.2 3 0
github.com/wolflang/wolf/internal/emitter/ir_emitter.go:526.60,531.2 1 0
github.com/wolflang/wolf/internal/emitter/ir_emitter.go:533.65,538.2 1 0
github.com/wolflang/wolf/internal/emitter/ir_emitter.go:542.67,551.57 3 1
github.com/wolflang/wolf/internal/emitter/ir_emitter.go:551.57,553.52 2 0
github.com/wolflang/wolf/internal/emitter/ir_emitter.go:553.52,555.4 1 0
github.com/wolflang/wolf/internal/emitter/ir_emitter.go:558.2,558.29 1 1
github.com/wolflang/wolf/internal/emitter/ir_emitter.go:558.29,561.19 3 1
github.com/wolflang/wolf/internal/emitter/ir_emitter.go:561.19,563.4 1 1
github.com/wolflang/wolf/internal/emitter/ir_emitter.go:564.3,564.71 1 1
github.com/wolflang/wolf/internal/emitter/ir_emitter.go:567.2,567.25 1 1
github.com/wolflang/wolf/internal/emitter/ir_emitter.go:567.25,568.41 1 0
github.com/wolflang/wolf/internal/emitter/ir_emitter.go:568.41,570.4 1 0
github.com/wolflang/wolf/internal/emitter/ir_emitter.go:573.2,573.19 1 1
github.com/wolflang/wolf/internal/emitter/ir_emitter.go:573.19,575.3 1 1
github.com/wolflang/wolf/internal/emitter/ir_emitter.go:577.2,577.24 1 1
github.com/wolflang/wolf/internal/emitter/ir_emitter.go:577.24,581.3 1 0
github.com/wolflang/wolf/internal/emitter/ir_emitter.go:583.2,583.11 1 1
github.com/wolflang/wolf/internal/emitter/ir_emitter.go:586.62,594.36 2 1
github.com/wolflang/wolf/internal/emitter/ir_emitter.go:594.36,596.19 2 1
github.com/wolflang/wolf/internal/emitter/ir_emitter.go:596.19,598.4 1 0
github.com/wolflang/wolf/internal/emitter/ir_emitter.go:599.3,600.26 2 1
github.com/wolflang/wolf/internal/emitter/ir_emitter.go:600.26,602.4 1 0
github.com/wolflang/wolf/internal/emitter/ir_emitter.go:603.3,608.5 1 1
github.com/wolflang/wolf/internal/emitter/ir_emitter.go:611.2,611.35 1 1
github.com/wolflang/wolf/internal/emitter/ir_emitter.go:611.35,615.35 4 1
github.com/wolflang/wolf/internal/emitter/ir_emitter.go:615.35,619.4 3 1
github.com/wolflang/wolf/internal/emitter/ir_emitter.go:619.9,621.4 1 0
github.com/wolflang/wolf/internal/emitter/ir_emitter.go:624.2,624.12 1 1
github.com/wolflang/wolf/internal/emitter/ir_emitter.go:628.74,630.30 2 0
github.com/wolflang/wolf/internal/emitter/ir_emitter.go:630.30,632.30 2 0
github.com/wolflang/wolf/internal/emitter/ir_emitter.go:632.30,637.4 1 0
github.com/wolflang/wolf/internal/emitter/ir_emitter.go:638.3,638.26 1 0
github.com/wolflang/wolf/internal/emitter/ir_emitter.go:638.26,639.42 1 0
github.com/wolflang/wolf/internal/emitter/ir_emitter.go:639.42,641.5 1 0
github.com/wolflang/wolf/internal/emitter/ir_emitter.go:643.3,643.45 1 0
github.com/wolflang/wolf/internal/emitter/ir_emitter.go:645.2,645.14 1 0
github.com/wolflang/wolf/internal/emitter/ir_emitter.go:650.62,651.17 1 1
github.com/wolflang/wolf/internal/emitter/ir_emitter.go:651.17,653.3 1 0
github.com/wolflang/wolf/internal/emitter/ir_emitter.go:655.2,655.27 1 1
github.com/wolflang/wolf/internal/emitter/ir_emitter.go:656.27,657.51 1 1
github.com/wolflang/wolf/internal/emitter/ir_emitter.go:659.26,660.34 1 0
github.com/wolflang/wolf/internal/emitter/ir_emitter.go:662.26,663.37 1 1
github.com/wolflang/wolf/internal/emitter/ir_emitter.go:665.28,666.39 1 1
github.com/wolflang/wolf/internal/emitter/ir_emitter.go:668.29,669.40 1 1
github.com/wolflang/wolf/internal/emitter/ir_emitter.go:671.27,672.38 1 1
github.com/wolflang/wolf/internal/emitter/ir_emitter.go:674.26,675.22 1 0
github.com/wolflang/wolf/internal/emitter/ir_emitter.go:677.34,678.38 1 1
github.com/wolflang/wolf/internal/emitter/ir_emitter.go:680.26,685.4 1 1
github.com/wolflang/wolf/internal/emitter/ir_emitter.go:687.25,688.67 1 0
github.com/wolflang/wolf/internal/emitter/ir_emitter.go:690.27,691.69 1 1
github.com/wolflang/wolf/internal/emitter/ir_emitter.go:693.24,695.29 2 0
github.com/wolflang/wolf/internal/emitter/ir_emitter.go:695.29,697.4 1 0
github.com/wolflang/wolf/internal/emitter/ir_emitter.go:699.3,699.35 1 0
github.com/wolflang/wolf/internal/emitter/ir_emitter.go:699.35,701.4 1 0
github.com/wolflang/wolf/internal/emitter/ir_emitter.go:702.3,702.88 1 0
github.com/wolflang/wolf/internal/emitter/ir_emitter.go:704.30,708.4 1 1
github.com/wolflang/wolf/internal/emitter/ir_emitter.go:710.26,712.29 2 0
github.com/wolflang/wolf/internal/emitter/ir_emitter.go:712.29,714.4 1 0
github.com/wolflang/wolf/internal/emitter/ir_emitter.go:715.3,715.54 1 0
github.com/wolflang/wolf/internal/emitter/ir_emitter.go:715.54,716.46 1 0
github.com/wolflang/wolf/internal/emitter/ir_emitter.go:716.46,718.5 1 0
github.com/wolflang/wolf/internal/emitter/ir_emitter.go:720.3,724.4 1 0
github.com/wolflang/wolf/internal/emitter/ir_emitter.go:726.26,728.29 2 0
github.com/wolflang/wolf/internal/emitter/ir_emitter.go:728.29,730.4 1 0
github.com/wolflang/wolf/internal/emitter/ir_emitter.go:731.3,731.43 1 0
github.com/wolflang/wolf/internal/emitter/ir_emitter.go:731.43,733.4 1 0
github.com/wolflang/wolf/internal/emitter/ir_emitter.go:734.3,738.4 1 0
github.com/wolflang/wolf/internal/emitter/ir_emitter.go:740.26,741.42 1 0
github.com/wolflang/wolf/internal/emitter/ir_emitter.go:743.25,747.4 1 0
github.com/wolflang/wolf/internal/emitter/ir_emitter.go:749.28,751.36 2 1
github.com/wolflang/wolf/internal/emitter/ir_emitter.go:751.36,753.4 1 1
github.com/wolflang/wolf/internal/emitter/ir_emitter.go:754.3,754.64 1 1
github.com/wolflang/wolf/internal/emitter/ir_emitter.go:756.26,758.26 2 0
github.com/wolflang/wolf/internal/emitter/ir_emitter.go:758.26,761.4 2 0
github.com/wolflang/wolf/internal/emitter/ir_emitter.go:762.3,765.4 1 0
github.com/wolflang/wolf/internal/emitter/ir_emitter.go:767.23,769.29 2 1
github.com/wolflang/wolf/internal/emitter/ir_emitter.go:769.29,771.4 1 1
github.com/wolflang/wolf/internal/emitter/ir_emitter.go:774.3,774.57 1 1
github.com/wolflang/wolf/internal/emitter/ir_emitter.go:774.57,780.4 1 1
github.com/wolflang/wolf/internal/emitter/ir_emitter.go:780.9,780.69 1 0
github.com/wolflang/wolf/internal/emitter/ir_emitter.go:780.69,788.4 1 0
github.com/wolflang/wolf/internal/emitter/ir_emitter.go:788.9,788.69 1 0
github.com/wolflang/wolf/internal/emitter/ir_emitter.go:788.69,795.4 1 0
github.com/wolflang/wolf/internal/emitter/ir_emitter.go:800.3,807.4 3 0
github.com/wolflang/wolf/internal/emitter/ir_emitter.go:809.27,811.31 2 0
github.com/wolflang/wolf/internal/emitter/ir_emitter.go:811.31,813.20 2 0
github.com/wolflang/wolf/internal/emitter/ir_emitter.go:813.20,815.5 1 0
github.com/wolflang/wolf/internal/emitter/ir_emitter.go:816.4,816.89 1 0
github.com/wolflang/wolf/internal/emitter/ir_emitter.go:818.3,818.21 1 0
github.com/wolflang/wolf/internal/emitter/ir_emitter.go:818.21,820.4 1 0
github.com/wolflang/wolf/internal/emitter/ir_emitter.go:821.3,821.26 1 0
github.com/wolflang/wolf/internal/emitter/ir_emitter.go:821.26,823.4 1 0
github.com/wolflang/wolf/internal/emitter/ir_emitter.go:824.3,824.12 1 0
github.com/wolflang/wolf/internal/emitter/ir_emitter.go:826.25,830.4 1 0
github.com/wolflang/wolf/internal/emitter/ir_emitter.go:832.25,834.52 1 0
github.com/wolflang/wolf/internal/emitter/ir_emitter.go:836.27,837.61 1 0
github.com/wolflang/wolf/internal/emitter/ir_emitter.go:839.24,840.84 1 0
github.com/wolflang/wolf/internal/emitter/ir_emitter.go:842.27,843.55 1 0
github.com/wolflang/wolf/internal/emitter/ir_emitter.go:845.25,847.55 2 1
github.com/wolflang/wolf/internal/emitter/ir_emitter.go:849.25,854.4 2 1
github.com/wolflang/wolf/internal/emitter/ir_emitter.go:856.28,860.4 1 0
github.com/wolflang/wolf/internal/emitter/ir_emitter.go:862.24,863.30 1 0
github.com/wolflang/wolf/internal/emitter/ir_emitter.go:865.10,866.22 1 0
github.com/wolflang/wolf/internal/emitter/ir_emitter.go:870.82,876.31 4 1
github.com/wolflang/wolf/internal/emitter/ir_emitter.go:876.31,877.27 1 1
github.com/wolflang/wolf/internal/emitter/ir_emitter.go:878.30,879.21 1 1
github.com/wolflang/wolf/internal/emitter/ir_emitter.go:880.11,882.41 2 1
github.com/wolflang/wolf/internal/emitter/ir_emitter.go:886.2,886.51 1 1
github.com/wolflang/wolf/internal/emitter/ir_emitter.go:891.67,893.26 2 1
github.com/wolflang/wolf/internal/emitter/ir_emitter.go:893.26,895.20 2 1
github.com/wolflang/wolf/internal/emitter/ir_emitter.go:895.20,897.4 1 1
github.com/wolflang/wolf/internal/emitter/ir_emitter.go:899.2,899.15 1 1
github.com/wolflang/wolf/internal/emitter/ir_emitter.go:902.76,904.2 1 1
github.com/wolflang/wolf/internal/emitter/ir_emitter.go:906.59,907.55 1 1
github.com/wolflang/wolf/internal/emitter/ir_emitter.go:907.55,908.40 1 1
github.com/wolflang/wolf/internal/emitter/ir_emitter.go:908.40,910.4 1 1
github.com/wolflang/wolf/internal/emitter/ir_emitter.go:912.2,912.30 1 0
github.com/wolflang/wolf/internal/emitter/ir_emitter.go:915.38,916.37 1 0
github.com/wolflang/wolf/internal/emitter/ir_emitter.go:916.37,918.3 1 0
github.com/wolflang/wolf/internal/emitter/ir_emitter.go:919.2,919.13 1 0
github.com/wolflang/wolf/internal/emitter/ir_emitter.go:922.58,923.18 1 1
github.com/wolflang/wolf/internal/emitter/ir_emitter.go:924.13,925.15 1 0
github.com/wolflang/wolf/internal/emitter/ir_emitter.go:926.26,927.19 1 0
github.com/wolflang/wolf/internal/emitter/ir_emitter.go:928.16,929.18 1 1
github.com/wolflang/wolf/internal/emitter/ir_emitter.go:930.14,931.16 1 0
github.com/wolflang/wolf/internal/emitter/ir_emitter.go:932.15,933.17 1 0
github.com/wolflang/wolf/internal/emitter/ir_emitter.go:934.17,935.12 1 1
github.com/wolflang/wolf/internal/emitter/ir_emitter.go:936.10,937.18 1 0
github.com/wolflang/wolf/internal/emitter/ir_emitter.go:941.39,943.26 2 0
github.com/wolflang/wolf/internal/emitter/ir_emitter.go:943.26,944.12 1 0
github.com/wolflang/wolf/internal/emitter/ir_emitter.go:944.12,946.4 1 0
github.com/wolflang/wolf/internal/emitter/ir_emitter.go:947.3,947.14 1 0
github.com/wolflang/wolf/internal/emitter/ir_emitter.go:949.2,949.15 1 0
github.com/wolflang/wolf/internal/emitter/llvm_emitter.go:39.36,52.2 3 1
github.com/wolflang/wolf/internal/emitter/llvm_emitter.go:54.40,113.2 45 1
github.com/wolflang/wolf/internal/emitter/llvm_emitter.go:116.42,119.2 2 1
github.com/wolflang/wolf/internal/emitter/llvm_emitter.go:122.55,125.2 2 1
github.com/wolflang/wolf/internal/emitter/llvm_emitter.go:128.59,129.44 1 1
github.com/wolflang/wolf/internal/emitter/llvm_emitter.go:129.44,131.3 1 0
github.com/wolflang/wolf/internal/emitter/llvm_emitter.go:132.2,135.14 4 1
github.com/wolflang/wolf/internal/emitter/llvm_emitter.go:139.40,141.30 2 1
github.com/wolflang/wolf/internal/emitter/llvm_emitter.go:141.30,143.13 2 1
github.com/wolflang/wolf/internal/emitter/llvm_emitter.go:144.13,145.25 1 0
github.com/wolflang/wolf/internal/emitter/llvm_emitter.go:146.12,147.25 1 0
github.com/wolflang/wolf/internal/emitter/llvm_emitter.go:148.13,149.25 1 0
github.com/wolflang/wolf/internal/emitter/llvm_emitter.go:150.13,151.25 1 0
github.com/wolflang/wolf/internal/emitter/llvm_emitter.go:152.13,153.25 1 0
github.com/wolflang/wolf/internal/emitter/llvm_emitter.go:154.15,155.25 1 0
github.com/wolflang/wolf/internal/emitter/llvm_emitter.go:156.11,157.27 1 1
github.com/wolflang/wolf/internal/emitter/llvm_emitter.go:157.27,159.5 1 0
github.com/wolflang/wolf/internal/emitter/llvm_emitter.go:159.10,161.5 1 1
github.com/wolflang/wolf/internal/emitter/llvm_emitter.go:164.2,164.19 1 1
github.com/wolflang/wolf/internal/emitter/llvm_emitter.go:168.56,182.39 7 1
github.com/wolflang/wolf/internal/emitter/llvm_emitter.go:182.39,184.3 1 1
github.com/wolflang/wolf/internal/emitter/llvm_emitter.go:185.2,185.38 1 1
github.com/wolflang/wolf/internal/emitter/llvm_emitter.go:185.38,186.24 1 0
github.com/wolflang/wolf/internal/emitter/llvm_emitter.go:186.24,188.4 1 0
github.com/wolflang/wolf/internal/emitter/llvm_emitter.go:189.3,189.29 1 0
github.com/wolflang/wolf/internal/emitter/llvm_emitter.go:189.29,193.4 3 0
github.com/wolflang/wolf/internal/emitter/llvm_emitter.go:194.3,194.38 1 0
github.com/wolflang/wolf/internal/emitter/llvm_emitter.go:194.38,198.4 3 0
github.com/wolflang/wolf/internal/emitter/llvm_emitter.go:202.2,202.38 1 1
github.com/wolflang/wolf/internal/emitter/llvm_emitter.go:202.38,203.50 1 0
github.com/wolflang/wolf/internal/emitter/llvm_emitter.go:203.50,206.19 3 0
github.com/wolflang/wolf/internal/emitter/llvm_emitter.go:206.19,207.46 1 0
github.com/wolflang/wolf/internal/emitter/llvm_emitter.go:207.46,209.11 2 0
github.com/wolflang/wolf/internal/emitter/llvm_emitter.go:211.5,211.32 1 0
github.com/wolflang/wolf/internal/emitter/llvm_emitter.go:213.4,213.25 1 0
github.com/wolflang/wolf/internal/emitter/llvm_emitter.go:213.25,218.5 4 0
github.com/wolflang/wolf/internal/emitter/llvm_emitter.go:223.2,223.39 1 1
github.com/wolflang/wolf/internal/emitter/llvm_emitter.go:223.39,226.3 2 1
github.com/wolflang/wolf/internal/emitter/llvm_emitter.go:229.2,229.38 1 1
github.com/wolflang/wolf/internal/emitter/llvm_emitter.go:229.38,230.29 1 0
github.com/wolflang/wolf/internal/emitter/llvm_emitter.go:230.29,233.4 2 0
github.com/wolflang/wolf/internal/emitter/llvm_emitter.go:233.9,239.4 2 0
github.com/wolflang/wolf/internal/emitter/llvm_emitter.go:240.3,240.38 1 0
github.com/wolflang/wolf/internal/emitter/llvm_emitter.go:240.38,243.4 2 0
github.com/wolflang/wolf/internal/emitter/llvm_emitter.go:247.2,247.23 1 1
github.com/wolflang/wolf/internal/emitter/llvm_emitter.go:247.23,250.3 2 0
github.com/wolflang/wolf/internal/emitter/llvm_emitter.go:253.2,253.32 1 1
github.com/wolflang/wolf/internal/emitter/llvm_emitter.go:253.32,267.40 9 1
github.com/wolflang/wolf/internal/emitter/llvm_emitter.go:267.40,269.4 1 1
github.com/wolflang/wolf/internal/emitter/llvm_emitter.go:271.3,271.42 1 1
github.com/wolflang/wolf/internal/emitter/llvm_emitter.go:271.42,273.4 1 1
github.com/wolflang/wolf/internal/emitter/llvm_emitter.go:275.3,278.17 4 1
github.com/wolflang/wolf/internal/emitter/llvm_emitter.go:279.8,279.62 1 1
github.com/wolflang/wolf/internal/emitter/llvm_emitter.go:279.62,290.3 8 0
github.com/wolflang/wolf/internal/emitter/llvm_emitter.go:293.2,302.18 8 1
github.com/wolflang/wolf/internal/emitter/llvm_emitter.go:302.18,304.3 1 1
github.com/wolflang/wolf/internal/emitter/llvm_emitter.go:305.2,309.29 3 1
github.com/wolflang/wolf/internal/emitter/llvm_emitter.go:309.29,311.44 2 1
github.com/wolflang/wolf/internal/emitter/llvm_emitter.go:311.44,315.4 3 1
github.com/wolflang/wolf/internal/emitter/llvm_emitter.go:316.3,316.16 1 1
github.com/wolflang/wolf/internal/emitter/llvm_emitter.go:320.2,793.29 440 1
github.com/wolflang/wolf/internal/emitter/llvm_emitter.go:793.29,796.3 2 0
github.com/wolflang/wolf/internal/emitter/llvm_emitter.go:799.2,801.23 2 1
github.com/wolflang/wolf/internal/emitter/llvm_emitter.go:806.57,807.29 1 1
github.com/wolflang/wolf/internal/emitter/llvm_emitter.go:807.29,808.27 1 1
github.com/wolflang/wolf/internal/emitter/llvm_emitter.go:809.24,811.39 2 0
github.com/wolflang/wolf/internal/emitter/llvm_emitter.go:811.39,812.23 1 0
github.com/wolflang/wolf/internal/emitter/llvm_emitter.go:812.23,814.6 1 0
github.com/wolflang/wolf/internal/emitter/llvm_emitter.go:815.5,815.21 1 0
github.com/wolflang/wolf/internal/emitter/llvm_emitter.go:815.21,817.6 1 0
github.com/wolflang/wolf/internal/emitter/llvm_emitter.go:819.4,819.31 1 0
github.com/wolflang/wolf/internal/emitter/llvm_emitter.go:820.23,821.46 1 1
github.com/wolflang/wolf/internal/emitter/llvm_emitter.go:821.46,822.38 1 1
github.com/wolflang/wolf/internal/emitter/llvm_emitter.go:822.38,824.22 2 1
github.com/wolflang/wolf/internal/emitter/llvm_emitter.go:824.22,826.7 1 0
github.com/wolflang/wolf/internal/emitter/llvm_emitter.go:827.6,827.38 1 1
github.com/wolflang/wolf/internal/emitter/llvm_emitter.go:830.19,832.35 2 1
github.com/wolflang/wolf/internal/emitter/llvm_emitter.go:832.35,834.5 1 0
github.com/wolflang/wolf/internal/emitter/llvm_emitter.go:835.4,835.25 1 1
github.com/wolflang/wolf/internal/emitter/llvm_emitter.go:835.25,837.5 1 1
github.com/wolflang/wolf/internal/emitter/llvm_emitter.go:838.20,839.21 1 1
github.com/wolflang/wolf/internal/emitter/llvm_emitter.go:839.21,841.5 1 1
github.com/wolflang/wolf/internal/emitter/llvm_emitter.go:842.4,842.30 1 1
github.com/wolflang/wolf/internal/emitter/llvm_emitter.go:843.22,845.19 2 0
github.com/wolflang/wolf/internal/emitter/llvm_emitter.go:845.19,847.5 1 0
github.com/wolflang/wolf/internal/emitter/llvm_emitter.go:848.4,848.30 1 0
github.com/wolflang/wolf/internal/emitter/llvm_emitter.go:849.23,850.30 1 0
github.com/wolflang/wolf/internal/emitter/llvm_emitter.go:850.30,852.5 1 0
github.com/wolflang/wolf/internal/emitter/llvm_emitter.go:853.4,853.24 1 0
github.com/wolflang/wolf/internal/emitter/llvm_emitter.go:853.24,855.5 1 0
github.com/wolflang/wolf/internal/emitter/llvm_emitter.go:856.25,859.35 3 0
github.com/wolflang/wolf/internal/emitter/llvm_emitter.go:860.22,861.31 1 0
github.com/wolflang/wolf/internal/emitter/llvm_emitter.go:868.51,869.26 1 1
github.com/wolflang/wolf/internal/emitter/llvm_emitter.go:869.26,870.25 1 1
github.com/wolflang/wolf/internal/emitter/llvm_emitter.go:871.23,872.26 1 0
github.com/wolflang/wolf/internal/emitter/llvm_emitter.go:872.26,874.5 1 0
github.com/wolflang/wolf/internal/emitter/llvm_emitter.go:875.19,876.78 1 0
github.com/wolflang/wolf/internal/emitter/llvm_emitter.go:876.78,878.5 1 0
github.com/wolflang/wolf/internal/emitter/llvm_emitter.go:879.22,880.40 1 0
github.com/wolflang/wolf/internal/emitter/llvm_emitter.go:880.40,882.5 1 0
github.com/wolflang/wolf/internal/emitter/llvm_emitter.go:883.20,884.39 1 0
github.com/wolflang/wolf/internal/emitter/llvm_emitter.go:884.39,886.5 1 0
github.com/wolflang/wolf/internal/emitter/llvm_emitter.go:887.22,888.39 1 0
github.com/wolflang/wolf/internal/emitter/llvm_emitter.go:888.39,890.5 1 0
github.com/wolflang/wolf/internal/emitter/llvm_emitter.go:891.23,892.31 1 0
github.com/wolflang/wolf/internal/emitter/llvm_emitter.go:892.31,893.39 1 0
github.com/wolflang/wolf/internal/emitter/llvm_emitter.go:893.39,895.6 1 0
github.com/wolflang/wolf/internal/emitter/llvm_emitter.go:897.4,897.42 1 0
github.com/wolflang/wolf/internal/emitter/llvm_emitter.go:897.42,899.5 1 0
github.com/wolflang/wolf/internal/emitter/llvm_emitter.go:902.2,902.14 1 1
github.com/wolflang/wolf/internal/emitter/llvm_emitter.go:905.53,908.30 2 1
github.com/wolflang/wolf/internal/emitter/llvm_emitter.go:908.30,911.3 2 1
github.com/wolflang/wolf/internal/emitter/llvm_emitter.go:913.2,914.29 2 1
github.com/wolflang/wolf/internal/emitter/llvm_emitter.go:914.29,916.3 1 0
github.com/wolflang/wolf/internal/emitter/llvm_emitter.go:916.8,916.44 1 1
github.com/wolflang/wolf/internal/emitter/llvm_emitter.go:916.44,920.3 1 0
github.com/wolflang/wolf/internal/emitter/llvm_emitter.go:922.2,934.38 11 1
github.com/wolflang/wolf/internal/emitter/llvm_emitter.go:934.38,936.3 1 0
github.com/wolflang/wolf/internal/emitter/llvm_emitter.go:939.2,939.30 1 1
github.com/wolflang/wolf/internal/emitter/llvm_emitter.go:939.30,942.3 2 1
github.com/wolflang/wolf/internal/emitter/llvm_emitter.go:945.2,948.39 2 1
github.com/wolflang/wolf/internal/emitter/llvm_emitter.go:948.39,950.3 1 1
github.com/wolflang/wolf/internal/emitter/llvm_emitter.go:953.2,953.30 1 1
github.com/wolflang/wolf/internal/emitter/llvm_emitter.go:953.30,956.3 2 1
github.com/wolflang/wolf/internal/emitter/llvm_emitter.go:958.2,958.31 1 1
github.com/wolflang/wolf/internal/emitter/llvm_emitter.go:958.31,960.3 1 1
github.com/wolflang/wolf/internal/emitter/llvm_emitter.go:963.2,963.55 1 1
github.com/wolflang/wolf/internal/emitter/llvm_emitter.go:963.55,965.3 1 1
github.com/wolflang/wolf/internal/emitter/llvm_emitter.go:967.2,970.16 4 1
github.com/wolflang/wolf/internal/emitter/llvm_emitter.go:973.74,975.30 2 0
github.com/wolflang/wolf/internal/emitter/llvm_emitter.go:975.30,978.3 2 0
github.com/wolflang/wolf/internal/emitter/llvm_emitter.go:980.2,981.43 2 0
github.com/wolflang/wolf/internal/emitter/llvm_emitter.go:981.43,983.3 1 0
github.com/wolflang/wolf/internal/emitter/llvm_emitter.go:985.2,998.30 10 0
github.com/wolflang/wolf/internal/emitter/llvm_emitter.go:998.30,1001.3 2 0
github.com/wolflang/wolf/internal/emitter/llvm_emitter.go:1004.2,1010.39 3 0
github.com/wolflang/wolf/internal/emitter/llvm_emitter.go:1010.39,1012.3 1 0
github.com/wolflang/wolf/internal/emitter/llvm_emitter.go:1015.2,1015.30 1 0
github.com/wolflang/wolf/internal/emitter/llvm_emitter.go:1015.30,1018.3 2 0
github.com/wolflang/wolf/internal/emitter/llvm_emitter.go:1020.2,1027.31 7 0
github.com/wolflang/wolf/internal/emitter/llvm_emitter.go:1027.31,1029.3 1 0
github.com/wolflang/wolf/internal/emitter/llvm_emitter.go:1031.2,1038.16 7 0
github.com/wolflang/wolf/internal/emitter/llvm_emitter.go:1044.64,1070.2 17 0
github.com/wolflang/wolf/internal/emitter/llvm_emitter.go:1072.62,1074.21 1 1
github.com/wolflang/wolf/internal/emitter/llvm_emitter.go:1074.21,1076.3 1 0
github.com/wolflang/wolf/internal/emitter/llvm_emitter.go:1077.2,1078.11 2 1
github.com/wolflang/wolf/internal/emitter/llvm_emitter.go:1083.46,1084.26 1 1
github.com/wolflang/wolf/internal/emitter/llvm_emitter.go:1085.23,1086.19 1 0
github.com/wolflang/wolf/internal/emitter/llvm_emitter.go:1087.22,1088.18 1 1
github.com/wolflang/wolf/internal/emitter/llvm_emitter.go:1089.20,1090.20 1 1
github.com/wolflang/wolf/internal/emitter/llvm_emitter.go:1091.22,1092.18 1 0
github.com/wolflang/wolf/internal/emitter/llvm_emitter.go:1093.18,1094.14 1 1
github.com/wolflang/wolf/internal/emitter/llvm_emitter.go:1095.19,1096.15 1 1
github.com/wolflang/wolf/internal/emitter/llvm_emitter.go:1097.21,1098.17 1 0
github.com/wolflang/wolf/internal/emitter/llvm_emitter.go:1099.22,1100.18 1 0
github.com/wolflang/wolf/internal/emitter/llvm_emitter.go:1101.21,1102.17 1 0
github.com/wolflang/wolf/internal/emitter/llvm_emitter.go:1103.23,1104.19 1 0
github.com/wolflang/wolf/internal/emitter/llvm_emitter.go:1105.21,1106.33 1 0
github.com/wolflang/wolf/internal/emitter/llvm_emitter.go:1106.33,1108.4 1 0
github.com/wolflang/wolf/internal/emitter/llvm_emitter.go:1109.24,1110.20 1 0
github.com/wolflang/wolf/internal/emitter/llvm_emitter.go:1111.25,1112.21 1 0
github.com/wolflang/wolf/internal/emitter/llvm_emitter.go:1113.21,1114.17 1 0
github.com/wolflang/wolf/internal/emitter/llvm_emitter.go:1115.23,1116.19 1 0
github.com/wolflang/wolf/internal/emitter/llvm_emitter.go:1117.21,1118.17 1 0
github.com/wolflang/wolf/internal/emitter/llvm_emitter.go:1119.19,1120.52 1 0
github.com/wolflang/wolf/internal/emitter/llvm_emitter.go:1121.10,1122.76 1 0
github.com/wolflang/wolf/internal/emitter/llvm_emitter.go:1126.58,1128.20 2 0
github.com/wolflang/wolf/internal/emitter/llvm_emitter.go:1129.18,1130.19 1 0
github.com/wolflang/wolf/internal/emitter/llvm_emitter.go:1131.21,1132.19 1 0
github.com/wolflang/wolf/internal/emitter/llvm_emitter.go:1133.21,1134.19 1 0
github.com/wolflang/wolf/internal/emitter/llvm_emitter.go:1137.2,1138.30 2 0
github.com/wolflang/wolf/internal/emitter/llvm_emitter.go:1138.30,1140.3 1 0
github.com/wolflang/wolf/internal/emitter/llvm_emitter.go:1141.2,1141.52 1 0
github.com/wolflang/wolf/internal/emitter/llvm_emitter.go:1144.50,1155.2 2 0
github.com/wolflang/wolf/internal/emitter/llvm_emitter.go:1157.54,1159.2 1 0
github.com/wolflang/wolf/internal/emitter/llvm_emitter.go:1161.50,1164.30 3 0
github.com/wolflang/wolf/internal/emitter/llvm_emitter.go:1164.30,1166.3 1 0
github.com/wolflang/wolf/internal/emitter/llvm_emitter.go:1167.2,1167.76 1 0
github.com/wolflang/wolf/internal/emitter/llvm_emitter.go:1170.56,1179.33 5 0
github.com/wolflang/wolf/internal/emitter/llvm_emitter.go:1179.33,1181.3 1 0
github.com/wolflang/wolf/internal/emitter/llvm_emitter.go:1184.2,1195.35 9 0
github.com/wolflang/wolf/internal/emitter/llvm_emitter.go:1195.35,1197.3 1 0
github.com/wolflang/wolf/internal/emitter/llvm_emitter.go:1198.2,1202.42 4 0
github.com/wolflang/wolf/internal/emitter/llvm_emitter.go:1205.45,1217.32 9 0
github.com/wolflang/wolf/internal/emitter/llvm_emitter.go:1217.32,1220.3 2 0
github.com/wolflang/wolf/internal/emitter/llvm_emitter.go:1220.8,1222.33 1 0
github.com/wolflang/wolf/internal/emitter/llvm_emitter.go:1222.33,1224.4 1 0
github.com/wolflang/wolf/internal/emitter/llvm_emitter.go:1224.9,1224.39 1 0
github.com/wolflang/wolf/internal/emitter/llvm_emitter.go:1224.39,1226.4 1 0
github.com/wolflang/wolf/internal/emitter/llvm_emitter.go:1226.9,1226.39 1 0
github.com/wolflang/wolf/internal/emitter/llvm_emitter.go:1226.39,1228.4 1 0
github.com/wolflang/wolf/internal/emitter/llvm_emitter.go:1228.9,1228.38 1 0
github.com/wolflang/wolf/internal/emitter/llvm_emitter.go:1228.38,1230.4 1 0
github.com/wolflang/wolf/internal/emitter/llvm_emitter.go:1230.9,1230.42 1 0
github.com/wolflang/wolf/internal/emitter/llvm_emitter.go:1230.42,1232.4 1 0
github.com/wolflang/wolf/internal/emitter/llvm_emitter.go:1232.9,1234.4 1 0
github.com/wolflang/wolf/internal/emitter/llvm_emitter.go:1236.2,1238.41 3 0
github.com/wolflang/wolf/internal/emitter/llvm_emitter.go:1241.50,1245.2 3 0
github.com/wolflang/wolf/internal/emitter/llvm_emitter.go:1247.54,1254.2 4 0
github.com/wolflang/wolf/internal/emitter/llvm_emitter.go:1256.54,1258.37 2 0
github.com/wolflang/wolf/internal/emitter/llvm_emitter.go:1258.37,1260.21 1 0
github.com/wolflang/wolf/internal/emitter/llvm_emitter.go:1260.21,1262.4 1 0
github.com/wolflang/wolf/internal/emitter/llvm_emitter.go:1263.3,1263.19 1 0
github.com/wolflang/wolf/internal/emitter/llvm_emitter.go:1263.19,1265.4 1 0
github.com/wolflang/wolf/internal/emitter/llvm_emitter.go:1268.2,1268.20 1 0
github.com/wolflang/wolf/internal/emitter/llvm_emitter.go:1268.20,1270.45 1 0
github.com/wolflang/wolf/internal/emitter/llvm_emitter.go:1270.45,1271.50 1 0
github.com/wolflang/wolf/internal/emitter/llvm_emitter.go:1271.50,1272.45 1 0
github.com/wolflang/wolf/internal/emitter/llvm_emitter.go:1272.45,1274.6 1 0
github.com/wolflang/wolf/internal/emitter/llvm_emitter.go:1277.3,1278.77 2 0
github.com/wolflang/wolf/internal/emitter/llvm_emitter.go:1282.52,1283.35 1 1
github.com/wolflang/wolf/internal/emitter/llvm_emitter.go:1284.17,1287.19 2 1
github.com/wolflang/wolf/internal/emitter/llvm_emitter.go:1287.19,1289.4 1 0
github.com/wolflang/wolf/internal/emitter/llvm_emitter.go:1292.3,1293.10 2 1
github.com/wolflang/wolf/internal/emitter/llvm_emitter.go:1293.10,1295.4 1 0
github.com/wolflang/wolf/internal/emitter/llvm_emitter.go:1298.3,1298.47 1 1
github.com/wolflang/wolf/internal/emitter/llvm_emitter.go:1298.47,1299.50 1 0
github.com/wolflang/wolf/internal/emitter/llvm_emitter.go:1299.50,1300.45 1 0
github.com/wolflang/wolf/internal/emitter/llvm_emitter.go:1300.45,1302.6 1 0
github.com/wolflang/wolf/internal/emitter/llvm_emitter.go:1306.3,1307.86 2 1
github.com/wolflang/wolf/internal/emitter/llvm_emitter.go:1308.23,1315.106 7 0
github.com/wolflang/wolf/internal/emitter/llvm_emitter.go:1316.21,1320.23 4 0
github.com/wolflang/wolf/internal/emitter/llvm_emitter.go:1320.23,1323.4 2 0
github.com/wolflang/wolf/internal/emitter/llvm_emitter.go:1324.3,1325.106 2 0
github.com/wolflang/wolf/internal/emitter/llvm_emitter.go:1326.10,1327.81 1 0
github.com/wolflang/wolf/internal/emitter/llvm_emitter.go:1332.58,1333.27 1 1
github.com/wolflang/wolf/internal/emitter/llvm_emitter.go:1334.18,1335.15 1 1
github.com/wolflang/wolf/internal/emitter/llvm_emitter.go:1336.20,1337.18 1 1
github.com/wolflang/wolf/internal/emitter/llvm_emitter.go:1338.19,1339.14 1 1
github.com/wolflang/wolf/internal/emitter/llvm_emitter.go:1340.21,1341.15 1 1
github.com/wolflang/wolf/internal/emitter/llvm_emitter.go:1342.18,1343.15 1 0
github.com/wolflang/wolf/internal/emitter/llvm_emitter.go:1344.22,1346.16 1 1
github.com/wolflang/wolf/internal/emitter/llvm_emitter.go:1347.53,1348.15 1 1
github.com/wolflang/wolf/internal/emitter/llvm_emitter.go:1349.11,1350.97 1 1
github.com/wolflang/wolf/internal/emitter/llvm_emitter.go:1350.97,1352.5 1 0
github.com/wolflang/wolf/internal/emitter/llvm_emitter.go:1354.4,1354.85 1 1
github.com/wolflang/wolf/internal/emitter/llvm_emitter.go:1354.85,1356.5 1 0
github.com/wolflang/wolf/internal/emitter/llvm_emitter.go:1357.4,1357.16 1 1
github.com/wolflang/wolf/internal/emitter/llvm_emitter.go:1359.21,1360.19 1 0
github.com/wolflang/wolf/internal/emitter/llvm_emitter.go:1360.19,1362.4 1 0
github.com/wolflang/wolf/internal/emitter/llvm_emitter.go:1363.3,1363.37 1 0
github.com/wolflang/wolf/internal/emitter/llvm_emitter.go:1364.22,1365.15 1 0
github.com/wolflang/wolf/internal/emitter/llvm_emitter.go:1366.24,1367.15 1 0
github.com/wolflang/wolf/internal/emitter/llvm_emitter.go:1368.20,1369.45 1 0
github.com/wolflang/wolf/internal/emitter/llvm_emitter.go:1369.45,1370.22 1 0
github.com/wolflang/wolf/internal/emitter/llvm_emitter.go:1386.49,1387.17 1 0
github.com/wolflang/wolf/internal/emitter/llvm_emitter.go:1390.224,1391.17 1 0
github.com/wolflang/wolf/internal/emitter/llvm_emitter.go:1392.73,1393.17 1 0
github.com/wolflang/wolf/internal/emitter/llvm_emitter.go:1406.37,1407.16 1 0
github.com/wolflang/wolf/internal/emitter/llvm_emitter.go:1408.97,1409.17 1 0
github.com/wolflang/wolf/internal/emitter/llvm_emitter.go:1410.131,1411.18 1 0
github.com/wolflang/wolf/internal/emitter/llvm_emitter.go:1412.145,1413.20 1 0
github.com/wolflang/wolf/internal/emitter/llvm_emitter.go:1415.4,1415.85 1 0
github.com/wolflang/wolf/internal/emitter/llvm_emitter.go:1415.85,1417.5 1 0
github.com/wolflang/wolf/internal/emitter/llvm_emitter.go:1419.3,1419.15 1 0
github.com/wolflang/wolf/internal/emitter/llvm_emitter.go:1420.26,1421.49 1 0
github.com/wolflang/wolf/internal/emitter/llvm_emitter.go:1421.49,1423.4 1 0
github.com/wolflang/wolf/internal/emitter/llvm_emitter.go:1425.3,1429.45 3 0
github.com/wolflang/wolf/internal/emitter/llvm_emitter.go:1429.45,1430.63 1 0
github.com/wolflang/wolf/internal/emitter/llvm_emitter.go:1430.63,1432.54 2 0
github.com/wolflang/wolf/internal/emitter/llvm_emitter.go:1432.54,1434.36 2 0
github.com/wolflang/wolf/internal/emitter/llvm_emitter.go:1434.36,1436.7 1 0
github.com/wolflang/wolf/internal/emitter/llvm_emitter.go:1437.6,1437.18 1 0
github.com/wolflang/wolf/internal/emitter/llvm_emitter.go:1443.3,1443.37 1 0
github.com/wolflang/wolf/internal/emitter/llvm_emitter.go:1443.37,1444.46 1 0
github.com/wolflang/wolf/internal/emitter/llvm_emitter.go:1444.46,1445.40 1 0
github.com/wolflang/wolf/internal/emitter/llvm_emitter.go:1445.40,1447.11 2 0
github.com/wolflang/wolf/internal/emitter/llvm_emitter.go:1451.3,1451.23 1 0
github.com/wolflang/wolf/internal/emitter/llvm_emitter.go:1451.23,1453.4 1 0
github.com/wolflang/wolf/internal/emitter/llvm_emitter.go:1455.3,1456.49 2 0
github.com/wolflang/wolf/internal/emitter/llvm_emitter.go:1456.49,1458.4 1 0
github.com/wolflang/wolf/internal/emitter/llvm_emitter.go:1459.3,1459.15 1 0
github.com/wolflang/wolf/internal/emitter/llvm_emitter.go:1460.22,1463.16 2 0
github.com/wolflang/wolf/internal/emitter/llvm_emitter.go:1470.41,1471.19 1 0
github.com/wolflang/wolf/internal/emitter/llvm_emitter.go:1472.137,1473.16 1 0
github.com/wolflang/wolf/internal/emitter/llvm_emitter.go:1474.29,1475.16 1 0
github.com/wolflang/wolf/internal/emitter/llvm_emitter.go:1476.199,1477.16 1 0
github.com/wolflang/wolf/internal/emitter/llvm_emitter.go:1478.93,1479.15 1 0
github.com/wolflang/wolf/internal/emitter/llvm_emitter.go:1480.65,1481.17 1 0
github.com/wolflang/wolf/internal/emitter/llvm_emitter.go:1482.67,1483.16 1 0
github.com/wolflang/wolf/internal/emitter/llvm_emitter.go:1485.3,1485.15 1 0
github.com/wolflang/wolf/internal/emitter/llvm_emitter.go:1486.17,1487.39 1 1
github.com/wolflang/wolf/internal/emitter/llvm_emitter.go:1487.39,1489.4 1 1
github.com/wolflang/wolf/internal/emitter/llvm_emitter.go:1490.3,1490.15 1 0
github.com/wolflang/wolf/internal/emitter/llvm_emitter.go:1491.10,1492.15 1 0
github.com/wolflang/wolf/internal/emitter/llvm_emitter.go:1496.52,1497.31 1 1
github.com/wolflang/wolf/internal/emitter/llvm_emitter.go:1498.20,1499.23 1 1
github.com/wolflang/wolf/internal/emitter/llvm_emitter.go:1500.26,1501.25 1 0
github.com/wolflang/wolf/internal/emitter/llvm_emitter.go:1502.10,1503.25 1 1
github.com/wolflang/wolf/internal/emitter/llvm_emitter.go:1507.52,1508.24 1 0
github.com/wolflang/wolf/internal/emitter/llvm_emitter.go:1508.24,1510.3 1 0
github.com/wolflang/wolf/internal/emitter/llvm_emitter.go:1510.8,1515.32 3 0
github.com/wolflang/wolf/internal/emitter/llvm_emitter.go:1515.32,1516.22 1 0
github.com/wolflang/wolf/internal/emitter/llvm_emitter.go:1516.22,1521.5 4 0
github.com/wolflang/wolf/internal/emitter/llvm_emitter.go:1521.10,1521.30 1 0
github.com/wolflang/wolf/internal/emitter/llvm_emitter.go:1521.30,1526.5 4 0
github.com/wolflang/wolf/internal/emitter/llvm_emitter.go:1526.10,1526.33 1 0
github.com/wolflang/wolf/internal/emitter/llvm_emitter.go:1526.33,1531.5 4 0
github.com/wolflang/wolf/internal/emitter/llvm_emitter.go:1532.9,1532.58 1 0
github.com/wolflang/wolf/internal/emitter/llvm_emitter.go:1532.58,1537.4 4 0
github.com/wolflang/wolf/internal/emitter/llvm_emitter.go:1537.9,1537.61 1 0
github.com/wolflang/wolf/internal/emitter/llvm_emitter.go:1537.61,1542.4 4 0
github.com/wolflang/wolf/internal/emitter/llvm_emitter.go:1542.9,1542.57 1 0
github.com/wolflang/wolf/internal/emitter/llvm_emitter.go:1542.57,1547.4 4 0
github.com/wolflang/wolf/internal/emitter/llvm_emitter.go:1549.3,1549.57 1 0
github.com/wolflang/wolf/internal/emitter/llvm_emitter.go:1559.72,1562.44 2 1
github.com/wolflang/wolf/internal/emitter/llvm_emitter.go:1562.44,1564.3 1 0
github.com/wolflang/wolf/internal/emitter/llvm_emitter.go:1565.2,1565.20 1 1
github.com/wolflang/wolf/internal/emitter/llvm_emitter.go:1566.12,1567.13 1 1
github.com/wolflang/wolf/internal/emitter/llvm_emitter.go:1568.13,1571.16 3 0
github.com/wolflang/wolf/internal/emitter/llvm_emitter.go:1572.16,1575.16 3 0
github.com/wolflang/wolf/internal/emitter/llvm_emitter.go:1576.10,1579.16 3 0
github.com/wolflang/wolf/internal/emitter/llvm_emitter.go:1584.44,1595.16 9 1
github.com/wolflang/wolf/internal/emitter/llvm_emitter.go:1595.16,1597.3 1 0
github.com/wolflang/wolf/internal/emitter/llvm_emitter.go:1597.8,1597.20 1 1
github.com/wolflang/wolf/internal/emitter/llvm_emitter.go:1597.20,1599.3 1 1
github.com/wolflang/wolf/internal/emitter/llvm_emitter.go:1601.2,1605.30 3 1
github.com/wolflang/wolf/internal/emitter/llvm_emitter.go:1605.30,1607.3 1 1
github.com/wolflang/wolf/internal/emitter/llvm_emitter.go:1608.2,1611.33 2 1
github.com/wolflang/wolf/internal/emitter/llvm_emitter.go:1611.33,1620.27 6 0
github.com/wolflang/wolf/internal/emitter/llvm_emitter.go:1620.27,1622.4 1 0
github.com/wolflang/wolf/internal/emitter/llvm_emitter.go:1622.9,1622.21 1 0
github.com/wolflang/wolf/internal/emitter/llvm_emitter.go:1622.21,1624.4 1 0
github.com/wolflang/wolf/internal/emitter/llvm_emitter.go:1624.9,1626.4 1 0
github.com/wolflang/wolf/internal/emitter/llvm_emitter.go:1628.3,1632.34 3 0
github.com/wolflang/wolf/internal/emitter/llvm_emitter.go:1632.34,1634.4 1 0
github.com/wolflang/wolf/internal/emitter/llvm_emitter.go:1635.3,1635.58 1 0
github.com/wolflang/wolf/internal/emitter/llvm_emitter.go:1639.2,1639.13 1 1
github.com/wolflang/wolf/internal/emitter/llvm_emitter.go:1639.13,1641.35 2 1
github.com/wolflang/wolf/internal/emitter/llvm_emitter.go:1641.35,1643.4 1 1
github.com/wolflang/wolf/internal/emitter/llvm_emitter.go:1644.3,1644.58 1 1
github.com/wolflang/wolf/internal/emitter/llvm_emitter.go:1648.2,1648.41 1 1
github.com/wolflang/wolf/internal/emitter/llvm_emitter.go:1652.46,1659.19 5 1
github.com/wolflang/wolf/internal/emitter/llvm_emitter.go:1659.19,1661.3 1 1
github.com/wolflang/wolf/internal/emitter/llvm_emitter.go:1662.2,1666.19 3 1
github.com/wolflang/wolf/internal/emitter/llvm_emitter.go:1666.19,1672.3 4 1
github.com/wolflang/wolf/internal/emitter/llvm_emitter.go:1672.8,1674.3 1 0
github.com/wolflang/wolf/internal/emitter/llvm_emitter.go:1677.2,1680.30 3 1
github.com/wolflang/wolf/internal/emitter/llvm_emitter.go:1680.30,1682.3 1 1
github.com/wolflang/wolf/internal/emitter/llvm_emitter.go:1683.2,1687.21 3 1
github.com/wolflang/wolf/internal/emitter/llvm_emitter.go:1687.21,1689.3 1 1
github.com/wolflang/wolf/internal/emitter/llvm_emitter.go:1690.2,1693.41 2 1
github.com/wolflang/wolf/internal/emitter/llvm_emitter.go:1696.50,1727.37 19 0
github.com/wolflang/wolf/internal/emitter/llvm_emitter.go:1727.37,1731.3 3 0
github.com/wolflang/wolf/internal/emitter/llvm_emitter.go:1734.2,1734.33 1 0
github.com/wolflang/wolf/internal/emitter/llvm_emitter.go:1734.33,1736.3 1 0
github.com/wolflang/wolf/internal/emitter/llvm_emitter.go:1738.2,1738.30 1 0
github.com/wolflang/wolf/internal/emitter/llvm_emitter.go:1738.30,1740.3 1 0
github.com/wolflang/wolf/internal/emitter/llvm_emitter.go:1743.2,1748.41 5 0
github.com/wolflang/wolf/internal/emitter/llvm_emitter.go:1751.52,1753.20 2 0
github.com/wolflang/wolf/internal/emitter/llvm_emitter.go:1753.20,1755.3 1 0
github.com/wolflang/wolf/internal/emitter/llvm_emitter.go:1756.2,1760.22 4 0
github.com/wolflang/wolf/internal/emitter/llvm_emitter.go:1760.22,1763.3 2 0
github.com/wolflang/wolf/internal/emitter/llvm_emitter.go:1763.8,1763.31 1 0
github.com/wolflang/wolf/internal/emitter/llvm_emitter.go:1763.31,1766.3 2 0
github.com/wolflang/wolf/internal/emitter/llvm_emitter.go:1766.8,1770.3 3 0
github.com/wolflang/wolf/internal/emitter/llvm_emitter.go:1772.2,1772.28 1 0
github.com/wolflang/wolf/internal/emitter/llvm_emitter.go:1772.28,1783.25 6 0
github.com/wolflang/wolf/internal/emitter/llvm_emitter.go:1783.25,1785.4 1 0
github.com/wolflang/wolf/internal/emitter/llvm_emitter.go:1785.9,1785.32 1 0
github.com/wolflang/wolf/internal/emitter/llvm_emitter.go:1785.32,1787.4 1 0
github.com/wolflang/wolf/internal/emitter/llvm_emitter.go:1787.9,1789.4 1 0
github.com/wolflang/wolf/internal/emitter/llvm_emitter.go:1791.3,1794.31 3 0
github.com/wolflang/wolf/internal/emitter/llvm_emitter.go:1794.31,1796.4 1 0
github.com/wolflang/wolf/internal/emitter/llvm_emitter.go:1797.3,1797.58 1 0
github.com/wolflang/wolf/internal/emitter/llvm_emitter.go:1800.2,1800.24 1 0
github.com/wolflang/wolf/internal/emitter/llvm_emitter.go:1800.24,1802.34 2 0
github.com/wolflang/wolf/internal/emitter/llvm_emitter.go:1802.34,1804.4 1 0
github.com/wolflang/wolf/internal/emitter/llvm_emitter.go:1805.3,1805.58 1 0
github.com/wolflang/wolf/internal/emitter/llvm_emitter.go:1808.2,1808.41 1 0
github.com/wolflang/wolf/internal/emitter/llvm_emitter.go:1814.74,1815.27 1 1
github.com/wolflang/wolf/internal/emitter/llvm_emitter.go:1816.18,1817.18 1 1
github.com/wolflang/wolf/internal/emitter/llvm_emitter.go:1818.20,1819.18 1 1
github.com/wolflang/wolf/internal/emitter/llvm_emitter.go:1820.19,1821.15 1 1
github.com/wolflang/wolf/internal/emitter/llvm_emitter.go:1821.15,1823.4 1 1
github.com/wolflang/wolf/internal/emitter/llvm_emitter.go:1824.3,1824.13 1 0
github.com/wolflang/wolf/internal/emitter/llvm_emitter.go:1825.18,1826.16 1 0
github.com/wolflang/wolf/internal/emitter/llvm_emitter.go:1827.21,1832.13 5 1
github.com/wolflang/wolf/internal/emitter/llvm_emitter.go:1833.17,1835.51 1 1
github.com/wolflang/wolf/internal/emitter/llvm_emitter.go:1835.51,1837.49 2 0
github.com/wolflang/wolf/internal/emitter/llvm_emitter.go:1837.49,1839.5 1 0
github.com/wolflang/wolf/internal/emitter/llvm_emitter.go:1840.4,1841.36 2 0
github.com/wolflang/wolf/internal/emitter/llvm_emitter.go:1841.36,1847.36 5 0
github.com/wolflang/wolf/internal/emitter/llvm_emitter.go:1847.36,1849.22 2 0
github.com/wolflang/wolf/internal/emitter/llvm_emitter.go:1849.22,1851.7 1 0
github.com/wolflang/wolf/internal/emitter/llvm_emitter.go:1852.6,1853.69 2 0
github.com/wolflang/wolf/internal/emitter/llvm_emitter.go:1856.5,1857.35 2 0
github.com/wolflang/wolf/internal/emitter/llvm_emitter.go:1857.35,1859.6 1 0
github.com/wolflang/wolf/internal/emitter/llvm_emitter.go:1860.5,1860.22 1 0
github.com/wolflang/wolf/internal/emitter/llvm_emitter.go:1860.22,1862.6 1 0
github.com/wolflang/wolf/internal/emitter/llvm_emitter.go:1864.5,1865.26 2 0
github.com/wolflang/wolf/internal/emitter/llvm_emitter.go:1865.26,1868.6 2 0
github.com/wolflang/wolf/internal/emitter/llvm_emitter.go:1868.11,1871.26 2 0
github.com/wolflang/wolf/internal/emitter/llvm_emitter.go:1871.26,1873.7 1 0
github.com/wolflang/wolf/internal/emitter/llvm_emitter.go:1873.12,1873.36 1 0
github.com/wolflang/wolf/internal/emitter/llvm_emitter.go:1873.36,1875.7 1 0
github.com/wolflang/wolf/internal/emitter/llvm_emitter.go:1875.12,1875.32 1 0
github.com/wolflang/wolf/internal/emitter/llvm_emitter.go:1875.32,1877.7 1 0
github.com/wolflang/wolf/internal/emitter/llvm_emitter.go:1877.12,1879.7 1 0
github.com/wolflang/wolf/internal/emitter/llvm_emitter.go:1881.5,1881.37 1 0
github.com/wolflang/wolf/internal/emitter/llvm_emitter.go:1883.4,1885.14 3 0
github.com/wolflang/wolf/internal/emitter/llvm_emitter.go:1888.3,1889.39 2 1
github.com/wolflang/wolf/internal/emitter/llvm_emitter.go:1889.39,1891.4 1 1
github.com/wolflang/wolf/internal/emitter/llvm_emitter.go:1892.3,1894.13 3 1
github.com/wolflang/wolf/internal/emitter/llvm_emitter.go:1895.23,1903.13 8 0
github.com/wolflang/wolf/internal/emitter/llvm_emitter.go:1904.22,1905.44 1 1
github.com/wolflang/wolf/internal/emitter/llvm_emitter.go:1906.21,1907.29 1 0
github.com/wolflang/wolf/internal/emitter/llvm_emitter.go:1908.20,1909.28 1 0
github.com/wolflang/wolf/internal/emitter/llvm_emitter.go:1910.26,1911.30 1 0
github.com/wolflang/wolf/internal/emitter/llvm_emitter.go:1912.22,1913.30 1 0
github.com/wolflang/wolf/internal/emitter/llvm_emitter.go:1914.22,1915.30 1 0
github.com/wolflang/wolf/internal/emitter/llvm_emitter.go:1916.24,1917.32 1 0
github.com/wolflang/wolf/internal/emitter/llvm_emitter.go:1918.20,1922.16 4 0
github.com/wolflang/wolf/internal/emitter/llvm_emitter.go:1923.23,1924.27 1 1
github.com/wolflang/wolf/internal/emitter/llvm_emitter.go:1925.21,1926.29 1 0
github.com/wolflang/wolf/internal/emitter/llvm_emitter.go:1927.20,1928.28 1 0
github.com/wolflang/wolf/internal/emitter/llvm_emitter.go:1929.18,1930.26 1 0
github.com/wolflang/wolf/internal/emitter/llvm_emitter.go:1931.19,1932.27 1 0
github.com/wolflang/wolf/internal/emitter/llvm_emitter.go:1933.10,1935.16 2 0
github.com/wolflang/wolf/internal/emitter/llvm_emitter.go:1939.62,1945.22 5 0
github.com/wolflang/wolf/internal/emitter/llvm_emitter.go:1945.22,1947.3 1 0
github.com/wolflang/wolf/internal/emitter/llvm_emitter.go:1947.8,1949.23 1 0
github.com/wolflang/wolf/internal/emitter/llvm_emitter.go:1949.23,1952.4 2 0
github.com/wolflang/wolf/internal/emitter/llvm_emitter.go:1953.3,1953.99 1 0
github.com/wolflang/wolf/internal/emitter/llvm_emitter.go:1955.2,1955.12 1 0
github.com/wolflang/wolf/internal/emitter/llvm_emitter.go:1958.60,1961.35 3 0
github.com/wolflang/wolf/internal/emitter/llvm_emitter.go:1961.35,1963.19 2 0
github.com/wolflang/wolf/internal/emitter/llvm_emitter.go:1964.14,1968.91 4 0
github.com/wolflang/wolf/internal/emitter/llvm_emitter.go:1969.17,1973.91 4 0
github.com/wolflang/wolf/internal/emitter/llvm_emitter.go:1974.13,1978.91 4 0
github.com/wolflang/wolf/internal/emitter/llvm_emitter.go:1979.11,1981.95 2 0
github.com/wolflang/wolf/internal/emitter/llvm_emitter.go:1984.2,1984.15 1 0
github.com/wolflang/wolf/internal/emitter/llvm_emitter.go:1987.56,1990.25 3 0
github.com/wolflang/wolf/internal/emitter/llvm_emitter.go:1990.25,1993.18 3 0
github.com/wolflang/wolf/internal/emitter/llvm_emitter.go:1994.14,1996.111 2 0
github.com/wolflang/wolf/internal/emitter/llvm_emitter.go:1997.17,1999.118 2 0
github.com/wolflang/wolf/internal/emitter/llvm_emitter.go:2000.13,2002.112 2 0
github.com/wolflang/wolf/internal/emitter/llvm_emitter.go:2003.11,2005.24 2 0
github.com/wolflang/wolf/internal/emitter/llvm_emitter.go:2005.24,2007.59 1 0
github.com/wolflang/wolf/internal/emitter/llvm_emitter.go:2007.59,2012.6 4 0
github.com/wolflang/wolf/internal/emitter/llvm_emitter.go:2012.11,2015.6 2 0
github.com/wolflang/wolf/internal/emitter/llvm_emitter.go:2016.10,2019.5 2 0
github.com/wolflang/wolf/internal/emitter/llvm_emitter.go:2022.2,2022.15 1 0
github.com/wolflang/wolf/internal/emitter/llvm_emitter.go:2025.85,2029.63 3 1
github.com/wolflang/wolf/internal/emitter/llvm_emitter.go:2029.63,2035.3 5 0
github.com/wolflang/wolf/internal/emitter/llvm_emitter.go:2037.2,2038.36 2 1
github.com/wolflang/wolf/internal/emitter/llvm_emitter.go:2038.36,2040.3 1 0
github.com/wolflang/wolf/internal/emitter/llvm_emitter.go:2040.8,2040.58 1 1
github.com/wolflang/wolf/internal/emitter/llvm_emitter.go:2040.58,2042.3 1 0
github.com/wolflang/wolf/internal/emitter/llvm_emitter.go:2042.8,2042.52 1 1
github.com/wolflang/wolf/internal/emitter/llvm_emitter.go:2042.52,2044.87 1 0
github.com/wolflang/wolf/internal/emitter/llvm_emitter.go:2044.87,2046.4 1 0
github.com/wolflang/wolf/internal/emitter/llvm_emitter.go:2046.9,2048.4 1 0
github.com/wolflang/wolf/internal/emitter/llvm_emitter.go:2051.2,2057.25 4 1
github.com/wolflang/wolf/internal/emitter/llvm_emitter.go:2057.25,2058.63 1 0
github.com/wolflang/wolf/internal/emitter/llvm_emitter.go:2058.63,2062.4 3 0
github.com/wolflang/wolf/internal/emitter/llvm_emitter.go:2063.3,2063.64 1 0
github.com/wolflang/wolf/internal/emitter/llvm_emitter.go:2063.64,2067.4 3 0
github.com/wolflang/wolf/internal/emitter/llvm_emitter.go:2071.2,2071.25 1 1
github.com/wolflang/wolf/internal/emitter/llvm_emitter.go:2071.25,2072.24 1 1
github.com/wolflang/wolf/internal/emitter/llvm_emitter.go:2072.24,2076.4 3 0
github.com/wolflang/wolf/internal/emitter/llvm_emitter.go:2076.9,2076.30 1 1
github.com/wolflang/wolf/internal/emitter/llvm_emitter.go:2076.30,2077.57 1 0
github.com/wolflang/wolf/internal/emitter/llvm_emitter.go:2077.57,2081.5 3 0
github.com/wolflang/wolf/internal/emitter/llvm_emitter.go:2084.3,2084.25 1 1
github.com/wolflang/wolf/internal/emitter/llvm_emitter.go:2084.25,2088.4 3 0
github.com/wolflang/wolf/internal/emitter/llvm_emitter.go:2088.9,2088.31 1 1
github.com/wolflang/wolf/internal/emitter/llvm_emitter.go:2088.31,2089.58 1 0
github.com/wolflang/wolf/internal/emitter/llvm_emitter.go:2089.58,2093.5 3 0
github.com/wolflang/wolf/internal/emitter/llvm_emitter.go:2097.2,2097.28 1 1
github.com/wolflang/wolf/internal/emitter/llvm_emitter.go:2097.28,2098.16 1 0
github.com/wolflang/wolf/internal/emitter/llvm_emitter.go:2099.12,2100.77 1 0
github.com/wolflang/wolf/internal/emitter/llvm_emitter.go:2101.12,2102.77 1 0
github.com/wolflang/wolf/internal/emitter/llvm_emitter.go:2103.12,2104.77 1 0
github.com/wolflang/wolf/internal/emitter/llvm_emitter.go:2105.12,2106.77 1 0
github.com/wolflang/wolf/internal/emitter/llvm_emitter.go:2107.12,2108.77 1 0
github.com/wolflang/wolf/internal/emitter/llvm_emitter.go:2109.13,2110.81 1 0
github.com/wolflang/wolf/internal/emitter/llvm_emitter.go:2111.13,2112.81 1 0
github.com/wolflang/wolf/internal/emitter/llvm_emitter.go:2113.12,2114.81 1 0
github.com/wolflang/wolf/internal/emitter/llvm_emitter.go:2115.12,2116.81 1 0
github.com/wolflang/wolf/internal/emitter/llvm_emitter.go:2117.13,2118.81 1 0
github.com/wolflang/wolf/internal/emitter/llvm_emitter.go:2119.13,2120.81 1 0
github.com/wolflang/wolf/internal/emitter/llvm_emitter.go:2121.11,2123.16 2 0
github.com/wolflang/wolf/internal/emitter/llvm_emitter.go:2125.8,2125.32 1 1
github.com/wolflang/wolf/internal/emitter/llvm_emitter.go:2125.32,2126.16 1 0
github.com/wolflang/wolf/internal/emitter/llvm_emitter.go:2127.13,2130.71 3 0
github.com/wolflang/wolf/internal/emitter/llvm_emitter.go:2131.13,2134.71 3 0
github.com/wolflang/wolf/internal/emitter/llvm_emitter.go:2135.11,2137.134 1 0
github.com/wolflang/wolf/internal/emitter/llvm_emitter.go:2137.134,2142.18 5 0
github.com/wolflang/wolf/internal/emitter/llvm_emitter.go:2143.14,2144.82 1 0
github.com/wolflang/wolf/internal/emitter/llvm_emitter.go:2145.14,2146.82 1 0
github.com/wolflang/wolf/internal/emitter/llvm_emitter.go:2147.15,2148.82 1 0
github.com/wolflang/wolf/internal/emitter/llvm_emitter.go:2149.15,2150.82 1 0
github.com/wolflang/wolf/internal/emitter/llvm_emitter.go:2151.14,2152.77 1 0
github.com/wolflang/wolf/internal/emitter/llvm_emitter.go:2153.14,2154.77 1 0
github.com/wolflang/wolf/internal/emitter/llvm_emitter.go:2155.14,2156.78 1 0
github.com/wolflang/wolf/internal/emitter/llvm_emitter.go:2157.14,2158.78 1 0
github.com/wolflang/wolf/internal/emitter/llvm_emitter.go:2160.10,2163.5 2 0
github.com/wolflang/wolf/internal/emitter/llvm_emitter.go:2165.8,2165.31 1 1
github.com/wolflang/wolf/internal/emitter/llvm_emitter.go:2165.31,2166.16 1 0
github.com/wolflang/wolf/internal/emitter/llvm_emitter.go:2167.13,2168.72 1 0
github.com/wolflang/wolf/internal/emitter/llvm_emitter.go:2169.13,2170.71 1 0
github.com/wolflang/wolf/internal/emitter/llvm_emitter.go:2171.13,2172.76 1 0
github.com/wolflang/wolf/internal/emitter/llvm_emitter.go:2173.13,2174.76 1 0
github.com/wolflang/wolf/internal/emitter/llvm_emitter.go:2175.11,2177.14 2 0
github.com/wolflang/wolf/internal/emitter/llvm_emitter.go:2179.8,2181.16 1 1
github.com/wolflang/wolf/internal/emitter/llvm_emitter.go:2182.12,2183.73 1 1
github.com/wolflang/wolf/internal/emitter/llvm_emitter.go:2184.12,2185.73 1 0
github.com/wolflang/wolf/internal/emitter/llvm_emitter.go:2186.12,2187.73 1 0
github.com/wolflang/wolf/internal/emitter/llvm_emitter.go:2188.12,2189.74 1 0
github.com/wolflang/wolf/internal/emitter/llvm_emitter.go:2190.12,2191.74 1 0
github.com/wolflang/wolf/internal/emitter/llvm_emitter.go:2192.13,2193.77 1 0
github.com/wolflang/wolf/internal/emitter/llvm_emitter.go:2194.13,2195.77 1 0
github.com/wolflang/wolf/internal/emitter/llvm_emitter.go:2196.12,2197.78 1 1
github.com/wolflang/wolf/internal/emitter/llvm_emitter.go:2198.12,2199.78 1 1
github.com/wolflang/wolf/internal/emitter/llvm_emitter.go:2200.13,2201.78 1 0
github.com/wolflang/wolf/internal/emitter/llvm_emitter.go:2202.13,2203.78 1 0
github.com/wolflang/wolf/internal/emitter/llvm_emitter.go:2204.11,2206.14 2 0
github.com/wolflang/wolf/internal/emitter/llvm_emitter.go:2209.2,2209.12 1 1
github.com/wolflang/wolf/internal/emitter/llvm_emitter.go:2212.62,2217.15 4 0
github.com/wolflang/wolf/internal/emitter/llvm_emitter.go:2218.11,2220.66 2 0
github.com/wolflang/wolf/internal/emitter/llvm_emitter.go:2221.11,2222.25 1 0
github.com/wolflang/wolf/internal/emitter/llvm_emitter.go:2222.25,2224.4 1 0
github.com/wolflang/wolf/internal/emitter/llvm_emitter.go:2224.9,2226.4 1 0
github.com/wolflang/wolf/internal/emitter/llvm_emitter.go:2227.10,2229.13 2 0
github.com/wolflang/wolf/internal/emitter/llvm_emitter.go:2231.2,2231.12 1 0
github.com/wolflang/wolf/internal/emitter/llvm_emitter.go:2234.62,2236.46 1 1
github.com/wolflang/wolf/internal/emitter/llvm_emitter.go:2236.46,2237.21 1 1
github.com/wolflang/wolf/internal/emitter/llvm_emitter.go:2238.60,2239.32 1 1
github.com/wolflang/wolf/internal/emitter/llvm_emitter.go:2244.2,2247.46 3 0
github.com/wolflang/wolf/internal/emitter/llvm_emitter.go:2247.46,2249.48 1 0
github.com/wolflang/wolf/internal/emitter/llvm_emitter.go:2249.48,2252.4 2 0
github.com/wolflang/wolf/internal/emitter/llvm_emitter.go:2253.8,2257.3 2 0
github.com/wolflang/wolf/internal/emitter/llvm_emitter.go:2261.2,2261.16 1 0
github.com/wolflang/wolf/internal/emitter/llvm_emitter.go:2261.16,2267.33 5 0
github.com/wolflang/wolf/internal/emitter/llvm_emitter.go:2267.33,2270.4 2 0
github.com/wolflang/wolf/internal/emitter/llvm_emitter.go:2271.3,2274.13 4 0
github.com/wolflang/wolf/internal/emitter/llvm_emitter.go:2277.2,2278.46 2 0
github.com/wolflang/wolf/internal/emitter/llvm_emitter.go:2278.46,2280.3 1 0
github.com/wolflang/wolf/internal/emitter/llvm_emitter.go:2282.2,2283.46 2 0
github.com/wolflang/wolf/internal/emitter/llvm_emitter.go:2283.46,2287.21 2 0
github.com/wolflang/wolf/internal/emitter/llvm_emitter.go:2288.14,2289.27 1 0
github.com/wolflang/wolf/internal/emitter/llvm_emitter.go:2290.15,2291.28 1 0
github.com/wolflang/wolf/internal/emitter/llvm_emitter.go:2292.18,2293.31 1 0
github.com/wolflang/wolf/internal/emitter/llvm_emitter.go:2294.15,2295.32 1 0
github.com/wolflang/wolf/internal/emitter/llvm_emitter.go:2296.15,2297.33 1 0
github.com/wolflang/wolf/internal/emitter/llvm_emitter.go:2298.20,2299.38 1 0
github.com/wolflang/wolf/internal/emitter/llvm_emitter.go:2300.16,2301.36 1 0
github.com/wolflang/wolf/internal/emitter/llvm_emitter.go:2302.15,2303.35 1 0
github.com/wolflang/wolf/internal/emitter/llvm_emitter.go:2304.14,2305.34 1 0
github.com/wolflang/wolf/internal/emitter/llvm_emitter.go:2306.15,2307.28 1 0
github.com/wolflang/wolf/internal/emitter/llvm_emitter.go:2308.15,2309.28 1 0
github.com/wolflang/wolf/internal/emitter/llvm_emitter.go:2310.14,2311.31 1 0
github.com/wolflang/wolf/internal/emitter/llvm_emitter.go:2312.24,2313.37 1 0
github.com/wolflang/wolf/internal/emitter/llvm_emitter.go:2314.22,2315.35 1 0
github.com/wolflang/wolf/internal/emitter/llvm_emitter.go:2316.22,2317.35 1 0
github.com/wolflang/wolf/internal/emitter/llvm_emitter.go:2318.22,2319.35 1 0
github.com/wolflang/wolf/internal/emitter/llvm_emitter.go:2320.17,2321.30 1 0
github.com/wolflang/wolf/internal/emitter/llvm_emitter.go:2322.18,2323.31 1 0
github.com/wolflang/wolf/internal/emitter/llvm_emitter.go:2324.21,2325.34 1 0
github.com/wolflang/wolf/internal/emitter/llvm_emitter.go:2326.24,2327.37 1 0
github.com/wolflang/wolf/internal/emitter/llvm_emitter.go:2330.21,2331.34 1 0
github.com/wolflang/wolf/internal/emitter/llvm_emitter.go:2332.21,2333.34 1 0
github.com/wolflang/wolf/internal/emitter/llvm_emitter.go:2334.18,2335.31 1 0
github.com/wolflang/wolf/internal/emitter/llvm_emitter.go:2336.21,2337.34 1 0
github.com/wolflang/wolf/internal/emitter/llvm_emitter.go:2338.23,2339.36 1 0
github.com/wolflang/wolf/internal/emitter/llvm_emitter.go:2340.23,2341.36 1 0
github.com/wolflang/wolf/internal/emitter/llvm_emitter.go:2342.23,2343.36 1 0
github.com/wolflang/wolf/internal/emitter/llvm_emitter.go:2344.28,2345.41 1 0
github.com/wolflang/wolf/internal/emitter/llvm_emitter.go:2346.19,2347.32 1 0
github.com/wolflang/wolf/internal/emitter/llvm_emitter.go:2348.31,2349.44 1 0
github.com/wolflang/wolf/internal/emitter/llvm_emitter.go:2350.20,2351.33 1 0
github.com/wolflang/wolf/internal/emitter/llvm_emitter.go:2352.22,2353.35 1 0
github.com/wolflang/wolf/internal/emitter/llvm_emitter.go:2356.14,2357.32 1 0
github.com/wolflang/wolf/internal/emitter/llvm_emitter.go:2358.14,2359.32 1 0
github.com/wolflang/wolf/internal/emitter/llvm_emitter.go:2360.14,2361.32 1 0
github.com/wolflang/wolf/internal/emitter/llvm_emitter.go:2362.15,2363.33 1 0
github.com/wolflang/wolf/internal/emitter/llvm_emitter.go:2364.15,2365.33 1 0
github.com/wolflang/wolf/internal/emitter/llvm_emitter.go:2366.15,2367.33 1 0
github.com/wolflang/wolf/internal/emitter/llvm_emitter.go:2368.16,2369.34 1 0
github.com/wolflang/wolf/internal/emitter/llvm_emitter.go:2370.15,2371.33 1 0
github.com/wolflang/wolf/internal/emitter/llvm_emitter.go:2372.14,2373.32 1 0
github.com/wolflang/wolf/internal/emitter/llvm_emitter.go:2374.14,2375.32 1 0
github.com/wolflang/wolf/internal/emitter/llvm_emitter.go:2376.16,2377.34 1 0
github.com/wolflang/wolf/internal/emitter/llvm_emitter.go:2378.14,2379.32 1 0
github.com/wolflang/wolf/internal/emitter/llvm_emitter.go:2380.16,2381.34 1 0
github.com/wolflang/wolf/internal/emitter/llvm_emitter.go:2382.15,2383.33 1 0
github.com/wolflang/wolf/internal/emitter/llvm_emitter.go:2384.16,2385.34 1 0
github.com/wolflang/wolf/internal/emitter/llvm_emitter.go:2386.14,2387.32 1 0
github.com/wolflang/wolf/internal/emitter/llvm_emitter.go:2388.15,2389.33 1 0
github.com/wolflang/wolf/internal/emitter/llvm_emitter.go:2390.13,2391.31 1 0
github.com/wolflang/wolf/internal/emitter/llvm_emitter.go:2392.14,2393.32 1 0
github.com/wolflang/wolf/internal/emitter/llvm_emitter.go:2394.14,2395.32 1 0
github.com/wolflang/wolf/internal/emitter/llvm_emitter.go:2396.15,2397.35 1 0
github.com/wolflang/wolf/internal/emitter/llvm_emitter.go:2398.18,2399.31 1 0
github.com/wolflang/wolf/internal/emitter/llvm_emitter.go:2400.18,2401.31 1 0
github.com/wolflang/wolf/internal/emitter/llvm_emitter.go:2402.16,2403.29 1 0
github.com/wolflang/wolf/internal/emitter/llvm_emitter.go:2404.21,2405.34 1 0
github.com/wolflang/wolf/internal/emitter/llvm_emitter.go:2406.22,2407.35 1 0
github.com/wolflang/wolf/internal/emitter/llvm_emitter.go:2408.26,2409.32 1 0
github.com/wolflang/wolf/internal/emitter/llvm_emitter.go:2410.26,2411.32 1 0
github.com/wolflang/wolf/internal/emitter/llvm_emitter.go:2412.17,2413.30 1 0
github.com/wolflang/wolf/internal/emitter/llvm_emitter.go:2414.17,2415.30 1 0
github.com/wolflang/wolf/internal/emitter/llvm_emitter.go:2416.20,2417.33 1 0
github.com/wolflang/wolf/internal/emitter/llvm_emitter.go:2418.19,2419.37 1 0
github.com/wolflang/wolf/internal/emitter/llvm_emitter.go:2420.16,2421.34 1 0
github.com/wolflang/wolf/internal/emitter/llvm_emitter.go:2424.17,2425.38 1 0
github.com/wolflang/wolf/internal/emitter/llvm_emitter.go:2426.21,2427.34 1 0
github.com/wolflang/wolf/internal/emitter/llvm_emitter.go:2428.21,2429.34 1 0
github.com/wolflang/wolf/internal/emitter/llvm_emitter.go:2430.18,2431.31 1 0
github.com/wolflang/wolf/internal/emitter/llvm_emitter.go:2432.18,2433.31 1 0
github.com/wolflang/wolf/internal/emitter/llvm_emitter.go:2434.18,2435.31 1 0
github.com/wolflang/wolf/internal/emitter/llvm_emitter.go:2436.15,2437.28 1 0
github.com/wolflang/wolf/internal/emitter/llvm_emitter.go:2438.16,2439.29 1 0
github.com/wolflang/wolf/internal/emitter/llvm_emitter.go:2440.16,2441.29 1 0
github.com/wolflang/wolf/internal/emitter/llvm_emitter.go:2442.23,2443.36 1 0
github.com/wolflang/wolf/internal/emitter/llvm_emitter.go:2444.26,2445.39 1 0
github.com/wolflang/wolf/internal/emitter/llvm_emitter.go:2446.24,2447.37 1 0
github.com/wolflang/wolf/internal/emitter/llvm_emitter.go:2448.22,2449.35 1 0
github.com/wolflang/wolf/internal/emitter/llvm_emitter.go:2450.21,2451.34 1 0
github.com/wolflang/wolf/internal/emitter/llvm_emitter.go:2452.18,2453.31 1 0
github.com/wolflang/wolf/internal/emitter/llvm_emitter.go:2454.18,2455.31 1 0
github.com/wolflang/wolf/internal/emitter/llvm_emitter.go:2456.18,2457.31 1 0
github.com/wolflang/wolf/internal/emitter/llvm_emitter.go:2458.17,2459.30 1 0
github.com/wolflang/wolf/internal/emitter/llvm_emitter.go:2460.17,2461.30 1 0
github.com/wolflang/wolf/internal/emitter/llvm_emitter.go:2462.18,2463.31 1 0
github.com/wolflang/wolf/internal/emitter/llvm_emitter.go:2464.18,2465.31 1 0
github.com/wolflang/wolf/internal/emitter/llvm_emitter.go:2466.25,2467.38 1 0
github.com/wolflang/wolf/internal/emitter/llvm_emitter.go:2468.16,2469.29 1 0
github.com/wolflang/wolf/internal/emitter/llvm_emitter.go:2470.21,2471.34 1 0
github.com/wolflang/wolf/internal/emitter/llvm_emitter.go:2472.27,2473.40 1 0
github.com/wolflang/wolf/internal/emitter/llvm_emitter.go:2474.21,2475.34 1 0
github.com/wolflang/wolf/internal/emitter/llvm_emitter.go:2476.23,2477.36 1 0
github.com/wolflang/wolf/internal/emitter/llvm_emitter.go:2478.23,2479.36 1 0
github.com/wolflang/wolf/internal/emitter/llvm_emitter.go:2480.34,2481.47 1 0
github.com/wolflang/wolf/internal/emitter/llvm_emitter.go:2482.23,2483.36 1 0
github.com/wolflang/wolf/internal/emitter/llvm_emitter.go:2484.19,2485.32 1 0
github.com/wolflang/wolf/internal/emitter/llvm_emitter.go:2486.34,2487.47 1 0
github.com/wolflang/wolf/internal/emitter/llvm_emitter.go:2488.21,2489.34 1 0
github.com/wolflang/wolf/internal/emitter/llvm_emitter.go:2490.30,2491.43 1 0
github.com/wolflang/wolf/internal/emitter/llvm_emitter.go:2492.25,2493.38 1 0
github.com/wolflang/wolf/internal/emitter/llvm_emitter.go:2494.23,2495.36 1 0
github.com/wolflang/wolf/internal/emitter/llvm_emitter.go:2496.21,2497.34 1 0
github.com/wolflang/wolf/internal/emitter/llvm_emitter.go:2498.17,2499.30 1 0
github.com/wolflang/wolf/internal/emitter/llvm_emitter.go:2502.17,2503.30 1 0
github.com/wolflang/wolf/internal/emitter/llvm_emitter.go:2504.19,2505.32 1 0
github.com/wolflang/wolf/internal/emitter/llvm_emitter.go:2506.17,2507.30 1 0
github.com/wolflang/wolf/internal/emitter/llvm_emitter.go:2508.18,2509.31 1 0
github.com/wolflang/wolf/internal/emitter/llvm_emitter.go:2510.17,2511.30 1 0
github.com/wolflang/wolf/internal/emitter/llvm_emitter.go:2512.18,2513.31 1 0
github.com/wolflang/wolf/internal/emitter/llvm_emitter.go:2514.21,2515.34 1 0
github.com/wolflang/wolf/internal/emitter/llvm_emitter.go:2517.17,2518.30 1 0
github.com/wolflang/wolf/internal/emitter/llvm_emitter.go:2519.20,2520.33 1 0
github.com/wolflang/wolf/internal/emitter/llvm_emitter.go:2521.17,2522.30 1 0
github.com/wolflang/wolf/internal/emitter/llvm_emitter.go:2523.19,2524.32 1 0
github.com/wolflang/wolf/internal/emitter/llvm_emitter.go:2525.18,2526.31 1 0
github.com/wolflang/wolf/internal/emitter/llvm_emitter.go:2527.18,2528.31 1 0
github.com/wolflang/wolf/internal/emitter/llvm_emitter.go:2529.19,2530.32 1 0
github.com/wolflang/wolf/internal/emitter/llvm_emitter.go:2531.18,2532.31 1 0
github.com/wolflang/wolf/internal/emitter/llvm_emitter.go:2534.23,2535.36 1 0
github.com/wolflang/wolf/internal/emitter/llvm_emitter.go:2536.20,2537.33 1 0
github.com/wolflang/wolf/internal/emitter/llvm_emitter.go:2538.25,2539.38 1 0
github.com/wolflang/wolf/internal/emitter/llvm_emitter.go:2540.25,2541.38 1 0
github.com/wolflang/wolf/internal/emitter/llvm_emitter.go:2542.23,2543.36 1 0
github.com/wolflang/wolf/internal/emitter/llvm_emitter.go:2544.27,2545.40 1 0
github.com/wolflang/wolf/internal/emitter/llvm_emitter.go:2546.33,2547.33 1 0
github.com/wolflang/wolf/internal/emitter/llvm_emitter.go:2548.23,2549.36 1 0
github.com/wolflang/wolf/internal/emitter/llvm_emitter.go:2550.20,2551.33 1 0
github.com/wolflang/wolf/internal/emitter/llvm_emitter.go:2552.22,2553.35 1 0
github.com/wolflang/wolf/internal/emitter/llvm_emitter.go:2556.24,2557.37 1 0
github.com/wolflang/wolf/internal/emitter/llvm_emitter.go:2558.24,2559.37 1 0
github.com/wolflang/wolf/internal/emitter/llvm_emitter.go:2560.21,2561.34 1 0
github.com/wolflang/wolf/internal/emitter/llvm_emitter.go:2562.21,2563.34 1 0
github.com/wolflang/wolf/internal/emitter/llvm_emitter.go:2564.22,2565.35 1 0
github.com/wolflang/wolf/internal/emitter/llvm_emitter.go:2566.22,2567.35 1 0
github.com/wolflang/wolf/internal/emitter/llvm_emitter.go:2568.22,2569.35 1 0
github.com/wolflang/wolf/internal/emitter/llvm_emitter.go:2572.14,2573.27 1 0
github.com/wolflang/wolf/internal/emitter/llvm_emitter.go:2574.17,2575.30 1 0
github.com/wolflang/wolf/internal/emitter/llvm_emitter.go:2576.24,2577.37 1 0
github.com/wolflang/wolf/internal/emitter/llvm_emitter.go:2578.26,2579.39 1 0
github.com/wolflang/wolf/internal/emitter/llvm_emitter.go:2580.18,2581.31 1 0
github.com/wolflang/wolf/internal/emitter/llvm_emitter.go:2582.19,2583.32 1 0
github.com/wolflang/wolf/internal/emitter/llvm_emitter.go:2586.15,2587.28 1 0
github.com/wolflang/wolf/internal/emitter/llvm_emitter.go:2588.13,2589.26 1 0
github.com/wolflang/wolf/internal/emitter/llvm_emitter.go:2590.19,2591.32 1 0
github.com/wolflang/wolf/internal/emitter/llvm_emitter.go:2592.22,2593.35 1 0
github.com/wolflang/wolf/internal/emitter/llvm_emitter.go:2594.20,2595.33 1 0
github.com/wolflang/wolf/internal/emitter/llvm_emitter.go:2598.16,2599.29 1 0
github.com/wolflang/wolf/internal/emitter/llvm_emitter.go:2600.19,2601.32 1 0
github.com/wolflang/wolf/internal/emitter/llvm_emitter.go:2602.23,2603.36 1 0
github.com/wolflang/wolf/internal/emitter/llvm_emitter.go:2604.21,2605.34 1 0
github.com/wolflang/wolf/internal/emitter/llvm_emitter.go:2606.20,2607.33 1 0
github.com/wolflang/wolf/internal/emitter/llvm_emitter.go:2608.22,2609.35 1 0
github.com/wolflang/wolf/internal/emitter/llvm_emitter.go:2610.24,2611.37 1 0
github.com/wolflang/wolf/internal/emitter/llvm_emitter.go:2612.24,2613.37 1 0
github.com/wolflang/wolf/internal/emitter/llvm_emitter.go:2614.23,2615.36 1 0
github.com/wolflang/wolf/internal/emitter/llvm_emitter.go:2616.22,2617.35 1 0
github.com/wolflang/wolf/internal/emitter/llvm_emitter.go:2618.22,2619.35 1 0
github.com/wolflang/wolf/internal/emitter/llvm_emitter.go:2620.15,2621.28 1 0
github.com/wolflang/wolf/internal/emitter/llvm_emitter.go:2622.16,2623.29 1 0
github.com/wolflang/wolf/internal/emitter/llvm_emitter.go:2624.20,2625.33 1 0
github.com/wolflang/wolf/internal/emitter/llvm_emitter.go:2626.21,2627.34 1 0
github.com/wolflang/wolf/internal/emitter/llvm_emitter.go:2628.23,2629.36 1 0
github.com/wolflang/wolf/internal/emitter/llvm_emitter.go:2630.21,2631.34 1 0
github.com/wolflang/wolf/internal/emitter/llvm_emitter.go:2632.26,2633.39 1 0
github.com/wolflang/wolf/internal/emitter/llvm_emitter.go:2634.21,2635.34 1 0
github.com/wolflang/wolf/internal/emitter/llvm_emitter.go:2636.16,2637.29 1 0
github.com/wolflang/wolf/internal/emitter/llvm_emitter.go:2638.21,2639.34 1 0
github.com/wolflang/wolf/internal/emitter/llvm_emitter.go:2640.24,2641.37 1 0
github.com/wolflang/wolf/internal/emitter/llvm_emitter.go:2642.22,2643.35 1 0
github.com/wolflang/wolf/internal/emitter/llvm_emitter.go:2644.23,2645.36 1 0
github.com/wolflang/wolf/internal/emitter/llvm_emitter.go:2646.24,2647.37 1 0
github.com/wolflang/wolf/internal/emitter/llvm_emitter.go:2648.25,2649.38 1 0
github.com/wolflang/wolf/internal/emitter/llvm_emitter.go:2650.23,2651.36 1 0
github.com/wolflang/wolf/internal/emitter/llvm_emitter.go:2652.20,2653.33 1 0
github.com/wolflang/wolf/internal/emitter/llvm_emitter.go:2654.29,2655.42 1 0
github.com/wolflang/wolf/internal/emitter/llvm_emitter.go:2656.21,2657.38 1 0
github.com/wolflang/wolf/internal/emitter/llvm_emitter.go:2658.21,2659.34 1 0
github.com/wolflang/wolf/internal/emitter/llvm_emitter.go:2660.23,2661.36 1 0
github.com/wolflang/wolf/internal/emitter/llvm_emitter.go:2662.21,2663.34 1 0
github.com/wolflang/wolf/internal/emitter/llvm_emitter.go:2664.25,2665.38 1 0
github.com/wolflang/wolf/internal/emitter/llvm_emitter.go:2666.24,2667.37 1 0
github.com/wolflang/wolf/internal/emitter/llvm_emitter.go:2668.27,2669.40 1 0
github.com/wolflang/wolf/internal/emitter/llvm_emitter.go:2672.18,2673.31 1 0
github.com/wolflang/wolf/internal/emitter/llvm_emitter.go:2674.18,2675.31 1 0
github.com/wolflang/wolf/internal/emitter/llvm_emitter.go:2676.17,2677.30 1 0
github.com/wolflang/wolf/internal/emitter/llvm_emitter.go:2678.20,2679.33 1 0
github.com/wolflang/wolf/internal/emitter/llvm_emitter.go:2680.22,2681.35 1 0
github.com/wolflang/wolf/internal/emitter/llvm_emitter.go:2682.22,2683.35 1 0
github.com/wolflang/wolf/internal/emitter/llvm_emitter.go:2684.24,2685.37 1 0
github.com/wolflang/wolf/internal/emitter/llvm_emitter.go:2686.23,2687.36 1 0
github.com/wolflang/wolf/internal/emitter/llvm_emitter.go:2688.22,2689.35 1 0
github.com/wolflang/wolf/internal/emitter/llvm_emitter.go:2690.24,2691.37 1 0
github.com/wolflang/wolf/internal/emitter/llvm_emitter.go:2692.26,2693.39 1 0
github.com/wolflang/wolf/internal/emitter/llvm_emitter.go:2694.25,2695.38 1 0
github.com/wolflang/wolf/internal/emitter/llvm_emitter.go:2696.23,2697.36 1 0
github.com/wolflang/wolf/internal/emitter/llvm_emitter.go:2698.25,2699.38 1 0
github.com/wolflang/wolf/internal/emitter/llvm_emitter.go:2700.22,2701.35 1 0
github.com/wolflang/wolf/internal/emitter/llvm_emitter.go:2704.19,2705.32 1 0
github.com/wolflang/wolf/internal/emitter/llvm_emitter.go:2706.17,2707.30 1 0
github.com/wolflang/wolf/internal/emitter/llvm_emitter.go:2708.19,2709.32 1 0
github.com/wolflang/wolf/internal/emitter/llvm_emitter.go:2710.18,2711.31 1 0
github.com/wolflang/wolf/internal/emitter/llvm_emitter.go:2712.18,2713.31 1 0
github.com/wolflang/wolf/internal/emitter/llvm_emitter.go:2714.16,2715.29 1 0
github.com/wolflang/wolf/internal/emitter/llvm_emitter.go:2716.19,2717.32 1 0
github.com/wolflang/wolf/internal/emitter/llvm_emitter.go:2718.23,2719.36 1 0
github.com/wolflang/wolf/internal/emitter/llvm_emitter.go:2722.22,2723.35 1 0
github.com/wolflang/wolf/internal/emitter/llvm_emitter.go:2724.20,2725.33 1 0
github.com/wolflang/wolf/internal/emitter/llvm_emitter.go:2726.21,2727.34 1 0
github.com/wolflang/wolf/internal/emitter/llvm_emitter.go:2728.22,2729.35 1 0
github.com/wolflang/wolf/internal/emitter/llvm_emitter.go:2730.22,2731.35 1 0
github.com/wolflang/wolf/internal/emitter/llvm_emitter.go:2732.20,2733.33 1 0
github.com/wolflang/wolf/internal/emitter/llvm_emitter.go:2734.25,2735.38 1 0
github.com/wolflang/wolf/internal/emitter/llvm_emitter.go:2736.24,2737.37 1 0
github.com/wolflang/wolf/internal/emitter/llvm_emitter.go:2738.23,2739.36 1 0
github.com/wolflang/wolf/internal/emitter/llvm_emitter.go:2740.21,2741.34 1 0
github.com/wolflang/wolf/internal/emitter/llvm_emitter.go:2743.20,2744.33 1 0
github.com/wolflang/wolf/internal/emitter/llvm_emitter.go:2745.20,2746.33 1 0
github.com/wolflang/wolf/internal/emitter/llvm_emitter.go:2747.21,2748.34 1 0
github.com/wolflang/wolf/internal/emitter/llvm_emitter.go:2749.20,2750.33 1 0
github.com/wolflang/wolf/internal/emitter/llvm_emitter.go:2751.19,2752.32 1 0
github.com/wolflang/wolf/internal/emitter/llvm_emitter.go:2755.15,2756.28 1 0
github.com/wolflang/wolf/internal/emitter/llvm_emitter.go:2757.19,2758.32 1 0
github.com/wolflang/wolf/internal/emitter/llvm_emitter.go:2761.19,2762.32 1 0
github.com/wolflang/wolf/internal/emitter/llvm_emitter.go:2763.37,2764.40 1 0
github.com/wolflang/wolf/internal/emitter/llvm_emitter.go:2765.37,2766.40 1 0
github.com/wolflang/wolf/internal/emitter/llvm_emitter.go:2767.43,2768.43 1 0
github.com/wolflang/wolf/internal/emitter/llvm_emitter.go:2771.18,2772.33 1 0
github.com/wolflang/wolf/internal/emitter/llvm_emitter.go:2773.18,2774.31 1 0
github.com/wolflang/wolf/internal/emitter/llvm_emitter.go:2775.19,2776.32 1 0
github.com/wolflang/wolf/internal/emitter/llvm_emitter.go:2777.22,2778.35 1 0
github.com/wolflang/wolf/internal/emitter/llvm_emitter.go:2779.19,2780.32 1 0
github.com/wolflang/wolf/internal/emitter/llvm_emitter.go:2781.20,2782.33 1 0
github.com/wolflang/wolf/internal/emitter/llvm_emitter.go:2783.17,2784.30 1 0
github.com/wolflang/wolf/internal/emitter/llvm_emitter.go:2785.19,2786.32 1 0
github.com/wolflang/wolf/internal/emitter/llvm_emitter.go:2787.20,2788.33 1 0
github.com/wolflang/wolf/internal/emitter/llvm_emitter.go:2789.20,2790.33 1 0
github.com/wolflang/wolf/internal/emitter/llvm_emitter.go:2791.20,2792.33 1 0
github.com/wolflang/wolf/internal/emitter/llvm_emitter.go:2793.22,2794.35 1 0
github.com/wolflang/wolf/internal/emitter/llvm_emitter.go:2797.24,2798.37 1 0
github.com/wolflang/wolf/internal/emitter/llvm_emitter.go:2799.20,2800.33 1 0
github.com/wolflang/wolf/internal/emitter/llvm_emitter.go:2801.20,2802.33 1 0
github.com/wolflang/wolf/internal/emitter/llvm_emitter.go:2803.20,2804.33 1 0
github.com/wolflang/wolf/internal/emitter/llvm_emitter.go:2805.23,2806.36 1 0
github.com/wolflang/wolf/internal/emitter/llvm_emitter.go:2807.21,2808.34 1 0
github.com/wolflang/wolf/internal/emitter/llvm_emitter.go:2809.21,2810.34 1 0
github.com/wolflang/wolf/internal/emitter/llvm_emitter.go:2811.22,2812.35 1 0
github.com/wolflang/wolf/internal/emitter/llvm_emitter.go:2815.23,2816.36 1 0
github.com/wolflang/wolf/internal/emitter/llvm_emitter.go:2817.19,2818.32 1 0
github.com/wolflang/wolf/internal/emitter/llvm_emitter.go:2819.20,2820.33 1 0
github.com/wolflang/wolf/internal/emitter/llvm_emitter.go:2821.19,2822.32 1 0
github.com/wolflang/wolf/internal/emitter/llvm_emitter.go:2823.22,2824.35 1 0
github.com/wolflang/wolf/internal/emitter/llvm_emitter.go:2825.21,2826.34 1 0
github.com/wolflang/wolf/internal/emitter/llvm_emitter.go:2829.32,2830.40 1 0
github.com/wolflang/wolf/internal/emitter/llvm_emitter.go:2831.34,2832.42 1 0
github.com/wolflang/wolf/internal/emitter/llvm_emitter.go:2833.34,2834.42 1 0
github.com/wolflang/wolf/internal/emitter/llvm_emitter.go:2835.32,2836.40 1 0
github.com/wolflang/wolf/internal/emitter/llvm_emitter.go:2837.30,2838.38 1 0
github.com/wolflang/wolf/internal/emitter/llvm_emitter.go:2839.31,2840.39 1 0
github.com/wolflang/wolf/internal/emitter/llvm_emitter.go:2841.31,2842.39 1 0
github.com/wolflang/wolf/internal/emitter/llvm_emitter.go:2843.44,2844.35 1 0
github.com/wolflang/wolf/internal/emitter/llvm_emitter.go:2845.22,2846.35 1 0
github.com/wolflang/wolf/internal/emitter/llvm_emitter.go:2847.35,2848.43 1 0
github.com/wolflang/wolf/internal/emitter/llvm_emitter.go:2849.35,2850.43 1 0
github.com/wolflang/wolf/internal/emitter/llvm_emitter.go:2853.26,2854.39 1 0
github.com/wolflang/wolf/internal/emitter/llvm_emitter.go:2855.25,2856.38 1 0
github.com/wolflang/wolf/internal/emitter/llvm_emitter.go:2857.23,2858.36 1 0
github.com/wolflang/wolf/internal/emitter/llvm_emitter.go:2859.23,2860.36 1 0
github.com/wolflang/wolf/internal/emitter/llvm_emitter.go:2861.25,2862.38 1 0
github.com/wolflang/wolf/internal/emitter/llvm_emitter.go:2865.33,2866.33 1 0
github.com/wolflang/wolf/internal/emitter/llvm_emitter.go:2867.22,2868.35 1 0
github.com/wolflang/wolf/internal/emitter/llvm_emitter.go:2869.21,2870.34 1 0
github.com/wolflang/wolf/internal/emitter/llvm_emitter.go:2871.37,2872.37 1 0
github.com/wolflang/wolf/internal/emitter/llvm_emitter.go:2875.17,2876.30 1 0
github.com/wolflang/wolf/internal/emitter/llvm_emitter.go:2877.15,2878.28 1 0
github.com/wolflang/wolf/internal/emitter/llvm_emitter.go:2879.20,2880.33 1 0
github.com/wolflang/wolf/internal/emitter/llvm_emitter.go:2881.22,2882.35 1 0
github.com/wolflang/wolf/internal/emitter/llvm_emitter.go:2883.32,2884.45 1 0
github.com/wolflang/wolf/internal/emitter/llvm_emitter.go:2885.18,2886.31 1 0
github.com/wolflang/wolf/internal/emitter/llvm_emitter.go:2887.18,2888.31 1 0
github.com/wolflang/wolf/internal/emitter/llvm_emitter.go:2889.21,2890.34 1 0
github.com/wolflang/wolf/internal/emitter/llvm_emitter.go:2891.21,2892.34 1 0
github.com/wolflang/wolf/internal/emitter/llvm_emitter.go:2893.18,2894.31 1 0
github.com/wolflang/wolf/internal/emitter/llvm_emitter.go:2895.17,2896.30 1 0
github.com/wolflang/wolf/internal/emitter/llvm_emitter.go:2897.20,2898.33 1 0
github.com/wolflang/wolf/internal/emitter/llvm_emitter.go:2899.28,2900.41 1 0
github.com/wolflang/wolf/internal/emitter/llvm_emitter.go:2901.28,2902.41 1 0
github.com/wolflang/wolf/internal/emitter/llvm_emitter.go:2903.21,2904.34 1 0
github.com/wolflang/wolf/internal/emitter/llvm_emitter.go:2905.21,2906.34 1 0
github.com/wolflang/wolf/internal/emitter/llvm_emitter.go:2907.21,2908.34 1 0
github.com/wolflang/wolf/internal/emitter/llvm_emitter.go:2909.21,2910.34 1 0
github.com/wolflang/wolf/internal/emitter/llvm_emitter.go:2911.32,2912.45 1 0
github.com/wolflang/wolf/internal/emitter/llvm_emitter.go:2913.22,2914.35 1 0
github.com/wolflang/wolf/internal/emitter/llvm_emitter.go:2915.29,2916.42 1 0
github.com/wolflang/wolf/internal/emitter/llvm_emitter.go:2917.28,2918.41 1 0
github.com/wolflang/wolf/internal/emitter/llvm_emitter.go:2919.15,2920.28 1 0
github.com/wolflang/wolf/internal/emitter/llvm_emitter.go:2921.17,2922.30 1 0
github.com/wolflang/wolf/internal/emitter/llvm_emitter.go:2925.20,2926.39 1 0
github.com/wolflang/wolf/internal/emitter/llvm_emitter.go:2927.27,2928.36 1 0
github.com/wolflang/wolf/internal/emitter/llvm_emitter.go:2929.22,2930.31 1 0
github.com/wolflang/wolf/internal/emitter/llvm_emitter.go:2931.25,2932.38 1 0
github.com/wolflang/wolf/internal/emitter/llvm_emitter.go:2933.24,2934.37 1 0
github.com/wolflang/wolf/internal/emitter/llvm_emitter.go:2935.11,2937.67 1 0
github.com/wolflang/wolf/internal/emitter/llvm_emitter.go:2937.67,2939.5 1 0
github.com/wolflang/wolf/internal/emitter/llvm_emitter.go:2944.2,2944.38 1 0
github.com/wolflang/wolf/internal/emitter/llvm_emitter.go:2944.38,2946.3 1 0
github.com/wolflang/wolf/internal/emitter/llvm_emitter.go:2949.2,2949.71 1 0
github.com/wolflang/wolf/internal/emitter/llvm_emitter.go:2949.71,2950.26 1 0
github.com/wolflang/wolf/internal/emitter/llvm_emitter.go:2950.26,2952.4 1 0
github.com/wolflang/wolf/internal/emitter/llvm_emitter.go:2953.8,2953.111 1 0
github.com/wolflang/wolf/internal/emitter/llvm_emitter.go:2953.111,2954.26 1 0
github.com/wolflang/wolf/internal/emitter/llvm_emitter.go:2954.26,2956.4 1 0
github.com/wolflang/wolf/internal/emitter/llvm_emitter.go:2957.8,2957.46 1 0
github.com/wolflang/wolf/internal/emitter/llvm_emitter.go:2957.46,2958.26 1 0
github.com/wolflang/wolf/internal/emitter/llvm_emitter.go:2958.26,2960.4 1 0
github.com/wolflang/wolf/internal/emitter/llvm_emitter.go:2963.2,2964.32 2 0
github.com/wolflang/wolf/internal/emitter/llvm_emitter.go:2964.32,2966.44 2 0
github.com/wolflang/wolf/internal/emitter/llvm_emitter.go:2966.44,2968.4 1 0
github.com/wolflang/wolf/internal/emitter/llvm_emitter.go:2968.9,2968.26 1 0
github.com/wolflang/wolf/internal/emitter/llvm_emitter.go:2968.26,2969.22 1 0
github.com/wolflang/wolf/internal/emitter/llvm_emitter.go:2970.49,2971.25 1 0
github.com/wolflang/wolf/internal/emitter/llvm_emitter.go:2972.26,2973.15 1 0
github.com/wolflang/wolf/internal/emitter/llvm_emitter.go:2973.15,2975.6 1 0
github.com/wolflang/wolf/internal/emitter/llvm_emitter.go:2976.5,2976.15 1 0
github.com/wolflang/wolf/internal/emitter/llvm_emitter.go:2976.15,2978.6 1 0
github.com/wolflang/wolf/internal/emitter/llvm_emitter.go:2979.21,2980.25 1 0
github.com/wolflang/wolf/internal/emitter/llvm_emitter.go:2982.75,2983.25 1 0
github.com/wolflang/wolf/internal/emitter/llvm_emitter.go:2985.47,2986.15 1 0
github.com/wolflang/wolf/internal/emitter/llvm_emitter.go:2986.15,2988.6 1 0
github.com/wolflang/wolf/internal/emitter/llvm_emitter.go:2988.11,2990.6 1 0
github.com/wolflang/wolf/internal/emitter/llvm_emitter.go:2992.50,2993.25 1 0
github.com/wolflang/wolf/internal/emitter/llvm_emitter.go:2995.25,2996.25 1 0
github.com/wolflang/wolf/internal/emitter/llvm_emitter.go:2998.70,2999.15 1 0
github.com/wolflang/wolf/internal/emitter/llvm_emitter.go:2999.15,3001.6 1 0
github.com/wolflang/wolf/internal/emitter/llvm_emitter.go:3001.11,3001.62 1 0
github.com/wolflang/wolf/internal/emitter/llvm_emitter.go:3001.62,3003.6 1 0
github.com/wolflang/wolf/internal/emitter/llvm_emitter.go:3003.11,3005.6 1 0
github.com/wolflang/wolf/internal/emitter/llvm_emitter.go:3006.30,3007.15 1 0
github.com/wolflang/wolf/internal/emitter/llvm_emitter.go:3007.15,3009.6 1 0
github.com/wolflang/wolf/internal/emitter/llvm_emitter.go:3009.11,3011.6 1 0
github.com/wolflang/wolf/internal/emitter/llvm_emitter.go:3012.26,3013.15 1 0
github.com/wolflang/wolf/internal/emitter/llvm_emitter.go:3013.15,3015.6 1 0
github.com/wolflang/wolf/internal/emitter/llvm_emitter.go:3015.11,3017.6 1 0
github.com/wolflang/wolf/internal/emitter/llvm_emitter.go:3021.75,3022.28 1 0
github.com/wolflang/wolf/internal/emitter/llvm_emitter.go:3023.96,3024.28 1 0
github.com/wolflang/wolf/internal/emitter/llvm_emitter.go:3025.28,3026.25 1 0
github.com/wolflang/wolf/internal/emitter/llvm_emitter.go:3027.22,3028.25 1 0
github.com/wolflang/wolf/internal/emitter/llvm_emitter.go:3029.28,3030.15 1 0
github.com/wolflang/wolf/internal/emitter/llvm_emitter.go:3030.15,3032.6 1 0
github.com/wolflang/wolf/internal/emitter/llvm_emitter.go:3032.11,3034.6 1 0
github.com/wolflang/wolf/internal/emitter/llvm_emitter.go:3035.40,3036.28 1 0
github.com/wolflang/wolf/internal/emitter/llvm_emitter.go:3037.28,3038.25 1 0
github.com/wolflang/wolf/internal/emitter/llvm_emitter.go:3039.56,3040.28 1 0
github.com/wolflang/wolf/internal/emitter/llvm_emitter.go:3041.49,3042.28 1 0
github.com/wolflang/wolf/internal/emitter/llvm_emitter.go:3043.22,3044.28 1 0
github.com/wolflang/wolf/internal/emitter/llvm_emitter.go:3045.49,3046.15 1 0
github.com/wolflang/wolf/internal/emitter/llvm_emitter.go:3046.15,3048.6 1 0
github.com/wolflang/wolf/internal/emitter/llvm_emitter.go:3048.11,3048.22 1 0
github.com/wolflang/wolf/internal/emitter/llvm_emitter.go:3048.22,3050.6 1 0
github.com/wolflang/wolf/internal/emitter/llvm_emitter.go:3050.11,3052.6 1 0
github.com/wolflang/wolf/internal/emitter/llvm_emitter.go:3053.35,3054.25 1 0
github.com/wolflang/wolf/internal/emitter/llvm_emitter.go:3055.23,3056.25 1 0
github.com/wolflang/wolf/internal/emitter/llvm_emitter.go:3057.36,3058.25 1 0
github.com/wolflang/wolf/internal/emitter/llvm_emitter.go:3059.43,3060.25 1 0
github.com/wolflang/wolf/internal/emitter/llvm_emitter.go:3061.27,3062.15 1 0
github.com/wolflang/wolf/internal/emitter/llvm_emitter.go:3062.15,3064.6 1 0
github.com/wolflang/wolf/internal/emitter/llvm_emitter.go:3064.11,3066.6 1 0
github.com/wolflang/wolf/internal/emitter/llvm_emitter.go:3067.23,3068.15 1 0
github.com/wolflang/wolf/internal/emitter/llvm_emitter.go:3068.15,3070.6 1 0
github.com/wolflang/wolf/internal/emitter/llvm_emitter.go:3070.11,3072.6 1 0
github.com/wolflang/wolf/internal/emitter/llvm_emitter.go:3073.39,3074.25 1 0
github.com/wolflang/wolf/internal/emitter/llvm_emitter.go:3075.24,3076.15 1 0
github.com/wolflang/wolf/internal/emitter/llvm_emitter.go:3076.15,3078.6 1 0
github.com/wolflang/wolf/internal/emitter/llvm_emitter.go:3078.11,3080.6 1 0
github.com/wolflang/wolf/internal/emitter/llvm_emitter.go:3081.23,3082.25 1 0
github.com/wolflang/wolf/internal/emitter/llvm_emitter.go:3083.26,3084.25 1 0
github.com/wolflang/wolf/internal/emitter/llvm_emitter.go:3085.92,3087.77 2 0
github.com/wolflang/wolf/internal/emitter/llvm_emitter.go:3087.77,3089.42 1 0
github.com/wolflang/wolf/internal/emitter/llvm_emitter.go:3089.42,3091.7 1 0
github.com/wolflang/wolf/internal/emitter/llvm_emitter.go:3091.12,3093.7 1 0
github.com/wolflang/wolf/internal/emitter/llvm_emitter.go:3095.77,3096.25 1 0
github.com/wolflang/wolf/internal/emitter/llvm_emitter.go:3097.23,3098.25 1 0
github.com/wolflang/wolf/internal/emitter/llvm_emitter.go:3099.29,3100.25 1 0
github.com/wolflang/wolf/internal/emitter/llvm_emitter.go:3101.25,3102.15 1 0
github.com/wolflang/wolf/internal/emitter/llvm_emitter.go:3102.15,3104.6 1 0
github.com/wolflang/wolf/internal/emitter/llvm_emitter.go:3104.11,3104.22 1 0
github.com/wolflang/wolf/internal/emitter/llvm_emitter.go:3104.22,3106.6 1 0
github.com/wolflang/wolf/internal/emitter/llvm_emitter.go:3106.11,3106.22 1 0
github.com/wolflang/wolf/internal/emitter/llvm_emitter.go:3106.22,3108.6 1 0
github.com/wolflang/wolf/internal/emitter/llvm_emitter.go:3108.11,3108.22 1 0
github.com/wolflang/wolf/internal/emitter/llvm_emitter.go:3108.22,3110.6 1 0
github.com/wolflang/wolf/internal/emitter/llvm_emitter.go:3111.59,3112.25 1 0
github.com/wolflang/wolf/internal/emitter/llvm_emitter.go:3113.27,3114.25 1 0
github.com/wolflang/wolf/internal/emitter/llvm_emitter.go:3114.25,3116.6 1 0
github.com/wolflang/wolf/internal/emitter/llvm_emitter.go:3117.5,3117.15 1 0
github.com/wolflang/wolf/internal/emitter/llvm_emitter.go:3117.15,3119.6 1 0
github.com/wolflang/wolf/internal/emitter/llvm_emitter.go:3120.28,3121.15 1 0
github.com/wolflang/wolf/internal/emitter/llvm_emitter.go:3121.15,3123.6 1 0
github.com/wolflang/wolf/internal/emitter/llvm_emitter.go:3124.5,3124.15 1 0
github.com/wolflang/wolf/internal/emitter/llvm_emitter.go:3124.15,3126.6 1 0
github.com/wolflang/wolf/internal/emitter/llvm_emitter.go:3127.29,3128.15 1 0
github.com/wolflang/wolf/internal/emitter/llvm_emitter.go:3128.15,3130.6 1 0
github.com/wolflang/wolf/internal/emitter/llvm_emitter.go:3131.5,3131.25 1 0
github.com/wolflang/wolf/internal/emitter/llvm_emitter.go:3131.25,3133.6 1 0
github.com/wolflang/wolf/internal/emitter/llvm_emitter.go:3134.26,3135.15 1 0
github.com/wolflang/wolf/internal/emitter/llvm_emitter.go:3135.15,3137.6 1 0
github.com/wolflang/wolf/internal/emitter/llvm_emitter.go:3138.5,3138.15 1 0
github.com/wolflang/wolf/internal/emitter/llvm_emitter.go:3138.15,3140.6 1 0
github.com/wolflang/wolf/internal/emitter/llvm_emitter.go:3141.5,3141.15 1 0
github.com/wolflang/wolf/internal/emitter/llvm_emitter.go:3141.15,3143.6 1 0
github.com/wolflang/wolf/internal/emitter/llvm_emitter.go:3144.33,3145.15 1 0
github.com/wolflang/wolf/internal/emitter/llvm_emitter.go:3145.15,3147.6 1 0
github.com/wolflang/wolf/internal/emitter/llvm_emitter.go:3148.5,3148.15 1 0
github.com/wolflang/wolf/internal/emitter/llvm_emitter.go:3148.15,3150.6 1 0
github.com/wolflang/wolf/internal/emitter/llvm_emitter.go:3151.26,3152.15 1 0
github.com/wolflang/wolf/internal/emitter/llvm_emitter.go:3152.15,3154.6 1 0
github.com/wolflang/wolf/internal/emitter/llvm_emitter.go:3155.5,3155.15 1 0
github.com/wolflang/wolf/internal/emitter/llvm_emitter.go:3155.15,3157.6 1 0
github.com/wolflang/wolf/internal/emitter/llvm_emitter.go:3158.24,3159.25 1 0
github.com/wolflang/wolf/internal/emitter/llvm_emitter.go:3161.29,3162.15 1 0
github.com/wolflang/wolf/internal/emitter/llvm_emitter.go:3162.15,3164.6 1 0
github.com/wolflang/wolf/internal/emitter/llvm_emitter.go:3164.11,3166.6 1 0
github.com/wolflang/wolf/internal/emitter/llvm_emitter.go:3167.49,3168.25 1 0
github.com/wolflang/wolf/internal/emitter/llvm_emitter.go:3169.77,3170.15 1 0
github.com/wolflang/wolf/internal/emitter/llvm_emitter.go:3170.15,3172.6 1 0
github.com/wolflang/wolf/internal/emitter/llvm_emitter.go:3172.11,3174.6 1 0
github.com/wolflang/wolf/internal/emitter/llvm_emitter.go:3177.3,3178.28 2 0
github.com/wolflang/wolf/internal/emitter/llvm_emitter.go:3178.28,3180.4 1 0
github.com/wolflang/wolf/internal/emitter/llvm_emitter.go:3180.9,3185.23 3 0
github.com/wolflang/wolf/internal/emitter/llvm_emitter.go:3185.23,3186.30 1 0
github.com/wolflang/wolf/internal/emitter/llvm_emitter.go:3186.30,3190.6 3 0
github.com/wolflang/wolf/internal/emitter/llvm_emitter.go:3190.11,3190.40 1 0
github.com/wolflang/wolf/internal/emitter/llvm_emitter.go:3190.40,3194.6 3 0
github.com/wolflang/wolf/internal/emitter/llvm_emitter.go:3194.11,3194.36 1 0
github.com/wolflang/wolf/internal/emitter/llvm_emitter.go:3194.36,3198.6 3 0
github.com/wolflang/wolf/internal/emitter/llvm_emitter.go:3201.3,3201.52 1 0
github.com/wolflang/wolf/internal/emitter/llvm_emitter.go:3204.2,3205.18 2 0
github.com/wolflang/wolf/internal/emitter/llvm_emitter.go:3205.18,3206.33 1 0
github.com/wolflang/wolf/internal/emitter/llvm_emitter.go:3206.33,3208.4 1 0
github.com/wolflang/wolf/internal/emitter/llvm_emitter.go:3208.9,3208.48 1 0
github.com/wolflang/wolf/internal/emitter/llvm_emitter.go:3208.48,3210.4 1 0
github.com/wolflang/wolf/internal/emitter/llvm_emitter.go:3211.8,3211.25 1 0
github.com/wolflang/wolf/internal/emitter/llvm_emitter.go:3211.25,3212.21 1 0
github.com/wolflang/wolf/internal/emitter/llvm_emitter.go:3218.41,3219.20 1 0
github.com/wolflang/wolf/internal/emitter/llvm_emitter.go:3228.42,3229.22 1 0
github.com/wolflang/wolf/internal/emitter/llvm_emitter.go:3230.27,3231.19 1 0
github.com/wolflang/wolf/internal/emitter/llvm_emitter.go:3232.55,3233.18 1 0
github.com/wolflang/wolf/internal/emitter/llvm_emitter.go:3244.72,3245.19 1 0
github.com/wolflang/wolf/internal/emitter/llvm_emitter.go:3246.27,3247.19 1 0
github.com/wolflang/wolf/internal/emitter/llvm_emitter.go:3248.35,3249.31 1 0
github.com/wolflang/wolf/internal/emitter/llvm_emitter.go:3249.31,3250.75 1 0
github.com/wolflang/wolf/internal/emitter/llvm_emitter.go:3252.4,3253.19 2 0
github.com/wolflang/wolf/internal/emitter/llvm_emitter.go:3254.122,3255.19 1 0
github.com/wolflang/wolf/internal/emitter/llvm_emitter.go:3256.42,3257.19 1 0
github.com/wolflang/wolf/internal/emitter/llvm_emitter.go:3258.98,3259.19 1 0
github.com/wolflang/wolf/internal/emitter/llvm_emitter.go:3260.30,3261.19 1 0
github.com/wolflang/wolf/internal/emitter/llvm_emitter.go:3263.73,3264.22 1 0
github.com/wolflang/wolf/internal/emitter/llvm_emitter.go:3278.28,3279.18 1 0
github.com/wolflang/wolf/internal/emitter/llvm_emitter.go:3280.11,3281.19 1 0
github.com/wolflang/wolf/internal/emitter/llvm_emitter.go:3285.2,3287.34 3 0
github.com/wolflang/wolf/internal/emitter/llvm_emitter.go:3287.34,3289.3 1 0
github.com/wolflang/wolf/internal/emitter/llvm_emitter.go:3291.2,3291.23 1 0
github.com/wolflang/wolf/internal/emitter/llvm_emitter.go:3291.23,3292.23 1 0
github.com/wolflang/wolf/internal/emitter/llvm_emitter.go:3292.23,3294.4 1 0
github.com/wolflang/wolf/internal/emitter/llvm_emitter.go:3294.9,3296.4 1 0
github.com/wolflang/wolf/internal/emitter/llvm_emitter.go:3297.3,3298.16 2 0
github.com/wolflang/wolf/internal/emitter/llvm_emitter.go:3301.2,3301.22 1 0
github.com/wolflang/wolf/internal/emitter/llvm_emitter.go:3301.22,3303.3 1 0
github.com/wolflang/wolf/internal/emitter/llvm_emitter.go:3303.8,3305.3 1 0
github.com/wolflang/wolf/internal/emitter/llvm_emitter.go:3306.2,3308.12 3 0
github.com/wolflang/wolf/internal/emitter/llvm_emitter.go:3311.63,3312.32 1 1
github.com/wolflang/wolf/internal/emitter/llvm_emitter.go:3312.32,3314.12 1 1
github.com/wolflang/wolf/internal/emitter/llvm_emitter.go:3314.12,3319.4 4 0
github.com/wolflang/wolf/internal/emitter/llvm_emitter.go:3321.3,3321.27 1 1
github.com/wolflang/wolf/internal/emitter/llvm_emitter.go:3322.22,3324.74 2 1
github.com/wolflang/wolf/internal/emitter/llvm_emitter.go:3325.19,3326.79 1 1
github.com/wolflang/wolf/internal/emitter/llvm_emitter.go:3327.21,3328.84 1 0
github.com/wolflang/wolf/internal/emitter/llvm_emitter.go:3329.20,3331.16 2 1
github.com/wolflang/wolf/internal/emitter/llvm_emitter.go:3331.16,3333.5 1 1
github.com/wolflang/wolf/internal/emitter/llvm_emitter.go:3334.4,3334.74 1 1
github.com/wolflang/wolf/internal/emitter/llvm_emitter.go:3335.19,3336.50 1 0
github.com/wolflang/wolf/internal/emitter/llvm_emitter.go:3337.23,3339.74 2 0
github.com/wolflang/wolf/internal/emitter/llvm_emitter.go:3340.11,3343.74 2 1
github.com/wolflang/wolf/internal/emitter/llvm_emitter.go:3348.2,3349.12 2 1
github.com/wolflang/wolf/internal/emitter/llvm_emitter.go:3352.64,3365.37 5 0
github.com/wolflang/wolf/internal/emitter/llvm_emitter.go:3365.37,3366.45 1 0
github.com/wolflang/wolf/internal/emitter/llvm_emitter.go:3366.45,3368.19 1 0
github.com/wolflang/wolf/internal/emitter/llvm_emitter.go:3368.19,3372.5 3 0
github.com/wolflang/wolf/internal/emitter/llvm_emitter.go:3374.4,3374.29 1 0
github.com/wolflang/wolf/internal/emitter/llvm_emitter.go:3374.29,3378.5 3 0
github.com/wolflang/wolf/internal/emitter/llvm_emitter.go:3379.4,3380.7 2 0
github.com/wolflang/wolf/internal/emitter/llvm_emitter.go:3384.2,3384.27 1 0
github.com/wolflang/wolf/internal/emitter/llvm_emitter.go:3384.27,3388.3 3 0
github.com/wolflang/wolf/internal/emitter/llvm_emitter.go:3391.2,3391.21 1 0
github.com/wolflang/wolf/internal/emitter/llvm_emitter.go:3391.21,3393.3 1 0
github.com/wolflang/wolf/internal/emitter/llvm_emitter.go:3394.2,3395.34 2 0
github.com/wolflang/wolf/internal/emitter/llvm_emitter.go:3395.34,3399.3 3 0
github.com/wolflang/wolf/internal/emitter/llvm_emitter.go:3400.2,3400.15 1 0
github.com/wolflang/wolf/internal/emitter/llvm_emitter.go:3403.59,3404.26 1 1
github.com/wolflang/wolf/internal/emitter/llvm_emitter.go:3405.21,3406.31 1 0
github.com/wolflang/wolf/internal/emitter/llvm_emitter.go:3407.18,3410.13 3 0
github.com/wolflang/wolf/internal/emitter/llvm_emitter.go:3411.20,3414.13 3 0
github.com/wolflang/wolf/internal/emitter/llvm_emitter.go:3415.19,3417.15 2 0
github.com/wolflang/wolf/internal/emitter/llvm_emitter.go:3417.15,3419.4 1 0
github.com/wolflang/wolf/internal/emitter/llvm_emitter.go:3420.3,3422.13 3 0
github.com/wolflang/wolf/internal/emitter/llvm_emitter.go:3423.10,3427.44 3 1
github.com/wolflang/wolf/internal/emitter/llvm_emitter.go:3427.44,3429.4 1 0
github.com/wolflang/wolf/internal/emitter/llvm_emitter.go:3431.3,3431.17 1 1
github.com/wolflang/wolf/internal/emitter/llvm_emitter.go:3432.14,3435.14 3 1
github.com/wolflang/wolf/internal/emitter/llvm_emitter.go:3436.17,3439.14 3 0
github.com/wolflang/wolf/internal/emitter/llvm_emitter.go:3440.13,3443.14 3 0
github.com/wolflang/wolf/internal/emitter/llvm_emitter.go:3444.11,3445.14 1 1
github.com/wolflang/wolf/internal/emitter/llvm_emitter.go:3450.68,3456.2 5 0
github.com/wolflang/wolf/internal/emitter/llvm_emitter.go:3458.62,3460.9 2 1
github.com/wolflang/wolf/internal/emitter/llvm_emitter.go:3460.9,3463.3 2 0
github.com/wolflang/wolf/internal/emitter/llvm_emitter.go:3465.2,3469.15 4 1
github.com/wolflang/wolf/internal/emitter/llvm_emitter.go:3470.12,3471.25 1 1
github.com/wolflang/wolf/internal/emitter/llvm_emitter.go:3471.25,3473.4 1 0
github.com/wolflang/wolf/internal/emitter/llvm_emitter.go:3473.9,3475.4 1 1
github.com/wolflang/wolf/internal/emitter/llvm_emitter.go:3476.12,3477.25 1 0
github.com/wolflang/wolf/internal/emitter/llvm_emitter.go:3477.25,3479.4 1 0
github.com/wolflang/wolf/internal/emitter/llvm_emitter.go:3479.9,3481.4 1 0
github.com/wolflang/wolf/internal/emitter/llvm_emitter.go:3482.10,3484.16 2 0
github.com/wolflang/wolf/internal/emitter/llvm_emitter.go:3487.2,3488.12 2 1
github.com/wolflang/wolf/internal/emitter/llvm_emitter.go:3522.68,3527.44 2 0
github.com/wolflang/wolf/internal/emitter/llvm_emitter.go:3527.44,3529.62 2 0
github.com/wolflang/wolf/internal/emitter/llvm_emitter.go:3529.62,3535.15 4 0
github.com/wolflang/wolf/internal/emitter/llvm_emitter.go:3535.15,3537.35 2 0
github.com/wolflang/wolf/internal/emitter/llvm_emitter.go:3537.35,3538.11 1 0
github.com/wolflang/wolf/internal/emitter/llvm_emitter.go:3540.5,3541.72 2 0
github.com/wolflang/wolf/internal/emitter/llvm_emitter.go:3541.72,3545.11 4 0
github.com/wolflang/wolf/internal/emitter/llvm_emitter.go:3547.5,3547.23 1 0
github.com/wolflang/wolf/internal/emitter/llvm_emitter.go:3550.4,3552.13 2 0
github.com/wolflang/wolf/internal/emitter/llvm_emitter.go:3552.13,3554.33 2 0
github.com/wolflang/wolf/internal/emitter/llvm_emitter.go:3554.33,3556.49 2 0
github.com/wolflang/wolf/internal/emitter/llvm_emitter.go:3556.49,3558.7 1 0
github.com/wolflang/wolf/internal/emitter/llvm_emitter.go:3559.6,3560.31 2 0
github.com/wolflang/wolf/internal/emitter/llvm_emitter.go:3560.31,3564.7 3 0
github.com/wolflang/wolf/internal/emitter/llvm_emitter.go:3564.12,3566.7 1 0
github.com/wolflang/wolf/internal/emitter/llvm_emitter.go:3568.5,3569.21 2 0
github.com/wolflang/wolf/internal/emitter/llvm_emitter.go:3569.21,3570.36 1 0
github.com/wolflang/wolf/internal/emitter/llvm_emitter.go:3570.36,3572.7 1 0
github.com/wolflang/wolf/internal/emitter/llvm_emitter.go:3572.12,3572.51 1 0
github.com/wolflang/wolf/internal/emitter/llvm_emitter.go:3572.51,3574.7 1 0
github.com/wolflang/wolf/internal/emitter/llvm_emitter.go:3576.5,3577.46 2 0
github.com/wolflang/wolf/internal/emitter/llvm_emitter.go:3577.46,3579.6 1 0
github.com/wolflang/wolf/internal/emitter/llvm_emitter.go:3580.5,3581.26 2 0
github.com/wolflang/wolf/internal/emitter/llvm_emitter.go:3581.26,3585.6 3 0
github.com/wolflang/wolf/internal/emitter/llvm_emitter.go:3586.5,3589.15 4 0
github.com/wolflang/wolf/internal/emitter/llvm_emitter.go:3595.2,3595.48 1 0
github.com/wolflang/wolf/internal/emitter/llvm_emitter.go:3595.48,3598.31 3 0
github.com/wolflang/wolf/internal/emitter/llvm_emitter.go:3598.31,3600.47 2 0
github.com/wolflang/wolf/internal/emitter/llvm_emitter.go:3600.47,3602.5 1 0
github.com/wolflang/wolf/internal/emitter/llvm_emitter.go:3603.4,3603.29 1 0
github.com/wolflang/wolf/internal/emitter/llvm_emitter.go:3603.29,3606.24 3 0
github.com/wolflang/wolf/internal/emitter/llvm_emitter.go:3606.24,3610.6 3 0
github.com/wolflang/wolf/internal/emitter/llvm_emitter.go:3611.5,3611.52 1 0
github.com/wolflang/wolf/internal/emitter/llvm_emitter.go:3612.10,3615.5 2 0
github.com/wolflang/wolf/internal/emitter/llvm_emitter.go:3617.3,3619.24 3 0
github.com/wolflang/wolf/internal/emitter/llvm_emitter.go:3619.24,3623.4 3 0
github.com/wolflang/wolf/internal/emitter/llvm_emitter.go:3624.3,3627.13 4 0
github.com/wolflang/wolf/internal/emitter/llvm_emitter.go:3631.2,3633.36 3 0
github.com/wolflang/wolf/internal/emitter/llvm_emitter.go:3633.36,3634.45 1 0
github.com/wolflang/wolf/internal/emitter/llvm_emitter.go:3634.45,3635.39 1 0
github.com/wolflang/wolf/internal/emitter/llvm_emitter.go:3635.39,3637.5 1 0
github.com/wolflang/wolf/internal/emitter/llvm_emitter.go:3641.2,3641.26 1 0
github.com/wolflang/wolf/internal/emitter/llvm_emitter.go:3641.26,3644.3 1 0
github.com/wolflang/wolf/internal/emitter/llvm_emitter.go:3646.2,3646.26 1 0
github.com/wolflang/wolf/internal/emitter/llvm_emitter.go:3646.26,3652.31 4 0
github.com/wolflang/wolf/internal/emitter/llvm_emitter.go:3652.31,3654.47 2 0
github.com/wolflang/wolf/internal/emitter/llvm_emitter.go:3654.47,3656.5 1 0
github.com/wolflang/wolf/internal/emitter/llvm_emitter.go:3657.4,3658.29 2 0
github.com/wolflang/wolf/internal/emitter/llvm_emitter.go:3658.29,3660.5 1 0
github.com/wolflang/wolf/internal/emitter/llvm_emitter.go:3660.10,3663.24 3 0
github.com/wolflang/wolf/internal/emitter/llvm_emitter.go:3663.24,3664.31 1 0
github.com/wolflang/wolf/internal/emitter/llvm_emitter.go:3664.31,3668.7 3 0
github.com/wolflang/wolf/internal/emitter/llvm_emitter.go:3668.12,3668.41 1 0
github.com/wolflang/wolf/internal/emitter/llvm_emitter.go:3668.41,3672.7 3 0
github.com/wolflang/wolf/internal/emitter/llvm_emitter.go:3675.4,3675.29 1 0
github.com/wolflang/wolf/internal/emitter/llvm_emitter.go:3675.29,3677.5 1 0
github.com/wolflang/wolf/internal/emitter/llvm_emitter.go:3677.10,3677.39 1 0
github.com/wolflang/wolf/internal/emitter/llvm_emitter.go:3677.39,3679.5 1 0
github.com/wolflang/wolf/internal/emitter/llvm_emitter.go:3679.10,3681.5 1 0
github.com/wolflang/wolf/internal/emitter/llvm_emitter.go:3684.3,3685.19 2 0
github.com/wolflang/wolf/internal/emitter/llvm_emitter.go:3685.19,3686.34 1 0
github.com/wolflang/wolf/internal/emitter/llvm_emitter.go:3686.34,3688.5 1 0
github.com/wolflang/wolf/internal/emitter/llvm_emitter.go:3688.10,3688.49 1 0
github.com/wolflang/wolf/internal/emitter/llvm_emitter.go:3688.49,3690.5 1 0
github.com/wolflang/wolf/internal/emitter/llvm_emitter.go:3692.3,3693.60 2 0
github.com/wolflang/wolf/internal/emitter/llvm_emitter.go:3693.60,3695.4 1 0
github.com/wolflang/wolf/internal/emitter/llvm_emitter.go:3696.3,3697.24 2 0
github.com/wolflang/wolf/internal/emitter/llvm_emitter.go:3697.24,3701.4 3 0
github.com/wolflang/wolf/internal/emitter/llvm_emitter.go:3702.3,3705.13 4 0
github.com/wolflang/wolf/internal/emitter/llvm_emitter.go:3709.2,3721.30 9 0
github.com/wolflang/wolf/internal/emitter/llvm_emitter.go:3721.30,3724.3 2 0
github.com/wolflang/wolf/internal/emitter/llvm_emitter.go:3727.2,3734.36 6 0
github.com/wolflang/wolf/internal/emitter/llvm_emitter.go:3734.36,3755.28 15 0
github.com/wolflang/wolf/internal/emitter/llvm_emitter.go:3755.28,3757.4 1 0
github.com/wolflang/wolf/internal/emitter/llvm_emitter.go:3759.3,3764.38 4 0
github.com/wolflang/wolf/internal/emitter/llvm_emitter.go:3764.38,3766.4 1 0
github.com/wolflang/wolf/internal/emitter/llvm_emitter.go:3768.3,3772.58 5 0
github.com/wolflang/wolf/internal/emitter/llvm_emitter.go:3775.2,3779.17 5 0
github.com/wolflang/wolf/internal/emitter/llvm_emitter.go:3785.58,3791.36 5 0
github.com/wolflang/wolf/internal/emitter/llvm_emitter.go:3791.36,3794.3 2 0
github.com/wolflang/wolf/internal/emitter/llvm_emitter.go:3796.2,3799.32 3 0
github.com/wolflang/wolf/internal/emitter/llvm_emitter.go:3799.32,3805.19 5 0
github.com/wolflang/wolf/internal/emitter/llvm_emitter.go:3805.19,3808.4 2 0
github.com/wolflang/wolf/internal/emitter/llvm_emitter.go:3808.9,3808.29 1 0
github.com/wolflang/wolf/internal/emitter/llvm_emitter.go:3808.29,3813.4 4 0
github.com/wolflang/wolf/internal/emitter/llvm_emitter.go:3813.9,3813.25 1 0
github.com/wolflang/wolf/internal/emitter/llvm_emitter.go:3813.25,3818.4 4 0
github.com/wolflang/wolf/internal/emitter/llvm_emitter.go:3820.3,3820.113 1 0
github.com/wolflang/wolf/internal/emitter/llvm_emitter.go:3823.2,3826.30 4 0
github.com/wolflang/wolf/internal/emitter/llvm_emitter.go:3826.30,3828.19 2 0
github.com/wolflang/wolf/internal/emitter/llvm_emitter.go:3828.19,3830.4 1 0
github.com/wolflang/wolf/internal/emitter/llvm_emitter.go:3831.3,3832.42 2 0
github.com/wolflang/wolf/internal/emitter/llvm_emitter.go:3834.2,3848.30 12 0
github.com/wolflang/wolf/internal/emitter/llvm_emitter.go:3848.30,3850.3 1 0
github.com/wolflang/wolf/internal/emitter/llvm_emitter.go:3851.2,3851.32 1 0
github.com/wolflang/wolf/internal/emitter/llvm_emitter.go:3851.32,3853.3 1 0
github.com/wolflang/wolf/internal/emitter/llvm_emitter.go:3855.2,3857.39 2 0
github.com/wolflang/wolf/internal/emitter/llvm_emitter.go:3857.39,3859.3 1 0
github.com/wolflang/wolf/internal/emitter/llvm_emitter.go:3861.2,3861.30 1 0
github.com/wolflang/wolf/internal/emitter/llvm_emitter.go:3861.30,3863.3 1 0
github.com/wolflang/wolf/internal/emitter/llvm_emitter.go:3865.2,3865.32 1 0
github.com/wolflang/wolf/internal/emitter/llvm_emitter.go:3865.32,3871.19 5 0
github.com/wolflang/wolf/internal/emitter/llvm_emitter.go:3871.19,3874.4 2 0
github.com/wolflang/wolf/internal/emitter/llvm_emitter.go:3874.9,3874.29 1 0
github.com/wolflang/wolf/internal/emitter/llvm_emitter.go:3874.29,3879.4 4 0
github.com/wolflang/wolf/internal/emitter/llvm_emitter.go:3879.9,3879.25 1 0
github.com/wolflang/wolf/internal/emitter/llvm_emitter.go:3879.25,3884.4 4 0
github.com/wolflang/wolf/internal/emitter/llvm_emitter.go:3885.3,3885.76 1 0
github.com/wolflang/wolf/internal/emitter/llvm_emitter.go:3888.2,3888.31 1 0
github.com/wolflang/wolf/internal/emitter/llvm_emitter.go:3888.31,3890.3 1 0
github.com/wolflang/wolf/internal/emitter/llvm_emitter.go:3892.2,3905.19 11 0
github.com/wolflang/wolf/internal/emitter/llvm_emitter.go:3908.64,3912.35 2 0
github.com/wolflang/wolf/internal/emitter/llvm_emitter.go:3913.27,3914.48 1 0
github.com/wolflang/wolf/internal/emitter/llvm_emitter.go:3914.48,3916.4 1 0
github.com/wolflang/wolf/internal/emitter/llvm_emitter.go:3916.9,3918.4 1 0
github.com/wolflang/wolf/internal/emitter/llvm_emitter.go:3919.33,3920.46 1 0
github.com/wolflang/wolf/internal/emitter/llvm_emitter.go:3920.46,3922.4 1 0
github.com/wolflang/wolf/internal/emitter/llvm_emitter.go:3922.9,3924.4 1 0
github.com/wolflang/wolf/internal/emitter/llvm_emitter.go:3925.27,3926.71 1 0
github.com/wolflang/wolf/internal/emitter/llvm_emitter.go:3927.29,3929.67 2 0
github.com/wolflang/wolf/internal/emitter/llvm_emitter.go:3929.67,3935.4 1 0
github.com/wolflang/wolf/internal/emitter/llvm_emitter.go:3938.2,3939.30 2 0
github.com/wolflang/wolf/internal/emitter/llvm_emitter.go:3939.30,3943.3 3 0
github.com/wolflang/wolf/internal/emitter/llvm_emitter.go:3945.2,3946.23 2 0
github.com/wolflang/wolf/internal/emitter/llvm_emitter.go:3946.23,3949.3 2 0
github.com/wolflang/wolf/internal/emitter/llvm_emitter.go:3951.2,3953.12 3 0
github.com/wolflang/wolf/internal/emitter/llvm_emitter.go:3958.62,3959.18 1 1
github.com/wolflang/wolf/internal/emitter/llvm_emitter.go:3960.29,3961.15 1 0
github.com/wolflang/wolf/internal/emitter/llvm_emitter.go:3962.36,3963.18 1 0
github.com/wolflang/wolf/internal/emitter/llvm_emitter.go:3964.20,3965.14 1 0
github.com/wolflang/wolf/internal/emitter/llvm_emitter.go:3966.27,3967.15 1 0
github.com/wolflang/wolf/internal/emitter/llvm_emitter.go:3968.14,3969.16 1 0
github.com/wolflang/wolf/internal/emitter/llvm_emitter.go:3970.10,3971.15 1 1
github.com/wolflang/wolf/internal/emitter/llvm_emitter.go:3977.41,3980.2 2 1
github.com/wolflang/wolf/internal/emitter/llvm_emitter.go:3982.47,3983.32 1 1
github.com/wolflang/wolf/internal/emitter/llvm_emitter.go:3983.32,3985.3 1 1
github.com/wolflang/wolf/internal/emitter/llvm_emitter.go:3986.2,3987.23 2 1
github.com/wolflang/wolf/internal/emitter/llvm_emitter.go:3993.64,3999.33 5 0
github.com/wolflang/wolf/internal/emitter/llvm_emitter.go:3999.33,4001.3 1 0
github.com/wolflang/wolf/internal/emitter/llvm_emitter.go:4002.2,4004.30 2 0
github.com/wolflang/wolf/internal/emitter/llvm_emitter.go:4004.30,4006.3 1 0
github.com/wolflang/wolf/internal/emitter/llvm_emitter.go:4006.8,4008.3 1 0
github.com/wolflang/wolf/internal/emitter/llvm_emitter.go:4010.2,4010.38 1 0
github.com/wolflang/wolf/internal/emitter/llvm_emitter.go:4010.38,4025.33 11 0
github.com/wolflang/wolf/internal/emitter/llvm_emitter.go:4025.33,4027.4 1 0
github.com/wolflang/wolf/internal/emitter/llvm_emitter.go:4029.3,4035.53 6 0
github.com/wolflang/wolf/internal/emitter/llvm_emitter.go:4038.2,4041.16 4 0
github.com/wolflang/wolf/internal/lexer/errors.go:16.36,18.17 2 1
github.com/wolflang/wolf/internal/lexer/errors.go:18.17,20.3 1 0
github.com/wolflang/wolf/internal/lexer/errors.go:21.2,21.22 1 1
github.com/wolflang/wolf/internal/lexer/errors.go:21.22,24.3 1 1
github.com/wolflang/wolf/internal/lexer/errors.go:25.2,26.55 1 1
github.com/wolflang/wolf/internal/lexer/errors.go:30.61,36.2 1 1
github.com/wolflang/wolf/internal/lexer/errors.go:39.82,45.2 1 1
github.com/wolflang/wolf/internal/lexer/lexer.go:25.38,32.2 1 1
github.com/wolflang/wolf/internal/lexer/lexer.go:35.52,36.19 1 1
github.com/wolflang/wolf/internal/lexer/lexer.go:36.19,41.3 4 1
github.com/wolflang/wolf/internal/lexer/lexer.go:43.2,49.27 2 1
github.com/wolflang/wolf/internal/lexer/lexer.go:53.39,55.2 1 0
github.com/wolflang/wolf/internal/lexer/lexer.go:59.29,62.12 2 1
github.com/wolflang/wolf/internal/lexer/lexer.go:64.11,65.27 1 1
github.com/wolflang/wolf/internal/lexer/lexer.go:66.11,67.27 1 1
github.com/wolflang/wolf/internal/lexer/lexer.go:68.11,69.27 1 1
github.com/wolflang/wolf/internal/lexer/lexer.go:70.11,71.27 1 1
github.com/wolflang/wolf/internal/lexer/lexer.go:72.11,73.29 1 1
github.com/wolflang/wolf/internal/lexer/lexer.go:74.11,75.29 1 1
github.com/wolflang/wolf/internal/lexer/lexer.go:76.11,77.26 1 1
github.com/wolflang/wolf/internal/lexer/lexer.go:78.11,79.30 1 1
github.com/wolflang/wolf/internal/lexer/lexer.go:80.11,81.29 1 1
github.com/wolflang/wolf/internal/lexer/lexer.go:82.11,83.27 1 1
github.com/wolflang/wolf/internal/lexer/lexer.go:86.11,87.19 1 1
github.com/wolflang/wolf/internal/lexer/lexer.go:87.19,89.4 1 1
github.com/wolflang/wolf/internal/lexer/lexer.go:89.9,89.26 1 1
github.com/wolflang/wolf/internal/lexer/lexer.go:89.26,91.4 1 1
github.com/wolflang/wolf/internal/lexer/lexer.go:91.9,93.4 1 1
github.com/wolflang/wolf/internal/lexer/lexer.go:94.11,95.19 1 1
github.com/wolflang/wolf/internal/lexer/lexer.go:95.19,97.4 1 1
github.com/wolflang/wolf/internal/lexer/lexer.go:97.9,97.26 1 1
github.com/wolflang/wolf/internal/lexer/lexer.go:97.26,99.4 1 1
github.com/wolflang/wolf/internal/lexer/lexer.go:99.9,99.26 1 1
github.com/wolflang/wolf/internal/lexer/lexer.go:99.26,101.4 1 1
github.com/wolflang/wolf/internal/lexer/lexer.go:101.9,103.4 1 1
github.com/wolflang/wolf/internal/lexer/lexer.go:104.11,105.19 1 1
github.com/wolflang/wolf/internal/lexer/lexer.go:105.19,107.4 1 1
github.com/wolflang/wolf/internal/lexer/lexer.go:107.9,109.4 1 1
github.com/wolflang/wolf/internal/lexer/lexer.go:110.11,111.19 1 1
github.com/wolflang/wolf/internal/lexer/lexer.go:111.19,113.4 1 0
github.com/wolflang/wolf/internal/lexer/lexer.go:113.9,113.26 1 1
github.com/wolflang/wolf/internal/lexer/lexer.go:113.26,115.4 1 0
github.com/wolflang/wolf/internal/lexer/lexer.go:115.9,115.26 1 1
github.com/wolflang/wolf/internal/lexer/lexer.go:115.26,117.4 1 1
github.com/wolflang/wolf/internal/lexer/lexer.go:117.9,119.4 1 1
github.com/wolflang/wolf/internal/lexer/lexer.go:120.11,121.19 1 1
github.com/wolflang/wolf/internal/lexer/lexer.go:121.19,123.4 1 1
github.com/wolflang/wolf/internal/lexer/lexer.go:123.9,123.26 1 1
github.com/wolflang/wolf/internal/lexer/lexer.go:123.26,125.4 1 1
github.com/wolflang/wolf/internal/lexer/lexer.go:125.9,127.4 1 1
github.com/wolflang/wolf/internal/lexer/lexer.go:128.11,129.19 1 1
github.com/wolflang/wolf/internal/lexer/lexer.go:129.19,131.4 1 1
github.com/wolflang/wolf/internal/lexer/lexer.go:131.9,133.4 1 1
github.com/wolflang/wolf/internal/lexer/lexer.go:134.11,135.19 1 1
github.com/wolflang/wolf/internal/lexer/lexer.go:135.19,137.4 1 1
github.com/wolflang/wolf/internal/lexer/lexer.go:137.9,139.4 1 1
github.com/wolflang/wolf/internal/lexer/lexer.go:140.11,141.19 1 1
github.com/wolflang/wolf/internal/lexer/lexer.go:141.19,143.4 1 1
github.com/wolflang/wolf/internal/lexer/lexer.go:143.9,145.4 1 1
github.com/wolflang/wolf/internal/lexer/lexer.go:146.11,147.19 1 1
github.com/wolflang/wolf/internal/lexer/lexer.go:147.19,149.4 1 1
github.com/wolflang/wolf/internal/lexer/lexer.go:149.9,151.4 1 1
github.com/wolflang/wolf/internal/lexer/lexer.go:152.11,153.19 1 1
github.com/wolflang/wolf/internal/lexer/lexer.go:153.19,155.4 1 1
github.com/wolflang/wolf/internal/lexer/lexer.go:155.9,157.4 1 1
github.com/wolflang/wolf/internal/lexer/lexer.go:158.11,159.19 1 1
github.com/wolflang/wolf/internal/lexer/lexer.go:159.19,161.4 1 1
github.com/wolflang/wolf/internal/lexer/lexer.go:161.9,163.4 1 1
github.com/wolflang/wolf/internal/lexer/lexer.go:164.11,165.19 1 1
github.com/wolflang/wolf/internal/lexer/lexer.go:165.19,167.4 1 1
github.com/wolflang/wolf/internal/lexer/lexer.go:167.9,169.4 1 1
github.com/wolflang/wolf/internal/lexer/lexer.go:172.11,173.18 1 1
github.com/wolflang/wolf/internal/lexer/lexer.go:176.11,177.17 1 1
github.com/wolflang/wolf/internal/lexer/lexer.go:180.11,181.22 1 1
github.com/wolflang/wolf/internal/lexer/lexer.go:184.11,185.20 1 1
github.com/wolflang/wolf/internal/lexer/lexer.go:188.23,188.23 0 1
github.com/wolflang/wolf/internal/lexer/lexer.go:192.12,192.12 0 1
github.com/wolflang/wolf/internal/lexer/lexer.go:195.10,196.18 1 1
github.com/wolflang/wolf/internal/lexer/lexer.go:196.18,198.4 1 1
github.com/wolflang/wolf/internal/lexer/lexer.go:198.9,198.25 1 1
github.com/wolflang/wolf/internal/lexer/lexer.go:198.25,200.4 1 1
github.com/wolflang/wolf/internal/lexer/lexer.go:200.9,202.4 1 1
github.com/wolflang/wolf/internal/lexer/lexer.go:209.31,210.39 1 1
github.com/wolflang/wolf/internal/lexer/lexer.go:210.39,212.3 1 1
github.com/wolflang/wolf/internal/lexer/lexer.go:217.40,218.19 1 0
github.com/wolflang/wolf/internal/lexer/lexer.go:218.19,219.45 1 0
github.com/wolflang/wolf/internal/lexer/lexer.go:219.45,223.4 3 0
github.com/wolflang/wolf/internal/lexer/lexer.go:224.3,224.23 1 0
github.com/wolflang/wolf/internal/lexer/lexer.go:224.23,227.4 2 0
github.com/wolflang/wolf/internal/lexer/lexer.go:228.3,228.14 1 0
github.com/wolflang/wolf/internal/lexer/lexer.go:230.2,230.47 1 0
github.com/wolflang/wolf/internal/lexer/lexer.go:236.30,243.19 5 1
github.com/wolflang/wolf/internal/lexer/lexer.go:243.19,245.16 2 1
github.com/wolflang/wolf/internal/lexer/lexer.go:245.16,246.9 1 1
github.com/wolflang/wolf/internal/lexer/lexer.go:248.3,248.17 1 1
github.com/wolflang/wolf/internal/lexer/lexer.go:248.17,250.20 2 1
github.com/wolflang/wolf/internal/lexer/lexer.go:250.20,252.5 1 1
github.com/wolflang/wolf/internal/lexer/lexer.go:253.4,253.12 1 1
github.com/wolflang/wolf/internal/lexer/lexer.go:255.3,255.32 1 1
github.com/wolflang/wolf/internal/lexer/lexer.go:255.32,257.19 2 1
github.com/wolflang/wolf/internal/lexer/lexer.go:257.19,259.10 2 1
github.com/wolflang/wolf/internal/lexer/lexer.go:263.4,263.83 1 0
github.com/wolflang/wolf/internal/lexer/lexer.go:263.83,265.10 2 0
github.com/wolflang/wolf/internal/lexer/lexer.go:268.3,268.32 1 1
github.com/wolflang/wolf/internal/lexer/lexer.go:268.32,270.19 2 1
github.com/wolflang/wolf/internal/lexer/lexer.go:270.19,272.10 2 1
github.com/wolflang/wolf/internal/lexer/lexer.go:275.3,275.14 1 1
github.com/wolflang/wolf/internal/lexer/lexer.go:279.2,283.22 4 1
github.com/wolflang/wolf/internal/lexer/lexer.go:283.22,285.3 1 1
github.com/wolflang/wolf/internal/lexer/lexer.go:285.8,287.3 1 1
github.com/wolflang/wolf/internal/lexer/lexer.go:291.36,294.19 2 1
github.com/wolflang/wolf/internal/lexer/lexer.go:294.19,296.16 2 1
github.com/wolflang/wolf/internal/lexer/lexer.go:296.16,297.9 1 1
github.com/wolflang/wolf/internal/lexer/lexer.go:299.3,299.17 1 1
github.com/wolflang/wolf/internal/lexer/lexer.go:299.17,302.4 2 0
github.com/wolflang/wolf/internal/lexer/lexer.go:303.3,303.17 1 1
github.com/wolflang/wolf/internal/lexer/lexer.go:303.17,305.19 2 1
github.com/wolflang/wolf/internal/lexer/lexer.go:305.19,308.5 2 0
github.com/wolflang/wolf/internal/lexer/lexer.go:309.4,310.19 2 1
github.com/wolflang/wolf/internal/lexer/lexer.go:311.13,312.23 1 1
github.com/wolflang/wolf/internal/lexer/lexer.go:313.13,314.23 1 1
github.com/wolflang/wolf/internal/lexer/lexer.go:315.13,316.23 1 0
github.com/wolflang/wolf/internal/lexer/lexer.go:317.14,318.23 1 1
github.com/wolflang/wolf/internal/lexer/lexer.go:319.13,320.22 1 1
github.com/wolflang/wolf/internal/lexer/lexer.go:321.13,322.22 1 0
github.com/wolflang/wolf/internal/lexer/lexer.go:323.13,324.22 1 0
github.com/wolflang/wolf/internal/lexer/lexer.go:325.12,327.26 2 0
github.com/wolflang/wolf/internal/lexer/lexer.go:329.4,329.12 1 1
github.com/wolflang/wolf/internal/lexer/lexer.go:331.3,331.28 1 1
github.com/wolflang/wolf/internal/lexer/lexer.go:334.2,334.17 1 1
github.com/wolflang/wolf/internal/lexer/lexer.go:334.17,337.3 2 1
github.com/wolflang/wolf/internal/lexer/lexer.go:339.2,345.4 2 1
github.com/wolflang/wolf/internal/lexer/lexer.go:351.42,360.19 3 1
github.com/wolflang/wolf/internal/lexer/lexer.go:360.19,363.16 2 1
github.com/wolflang/wolf/internal/lexer/lexer.go:363.16,365.20 1 1
github.com/wolflang/wolf/internal/lexer/lexer.go:365.20,368.5 2 0
github.com/wolflang/wolf/internal/lexer/lexer.go:369.4,375.10 3 1
github.com/wolflang/wolf/internal/lexer/lexer.go:378.3,378.17 1 1
github.com/wolflang/wolf/internal/lexer/lexer.go:378.17,380.19 2 0
github.com/wolflang/wolf/internal/lexer/lexer.go:380.19,383.5 2 0
github.com/wolflang/wolf/internal/lexer/lexer.go:384.4,385.19 2 0
github.com/wolflang/wolf/internal/lexer/lexer.go:386.13,387.23 1 0
github.com/wolflang/wolf/internal/lexer/lexer.go:388.13,389.23 1 0
github.com/wolflang/wolf/internal/lexer/lexer.go:390.13,391.23 1 0
github.com/wolflang/wolf/internal/lexer/lexer.go:392.14,393.23 1 0
github.com/wolflang/wolf/internal/lexer/lexer.go:394.13,395.22 1 0
github.com/wolflang/wolf/internal/lexer/lexer.go:396.13,397.22 1 0
github.com/wolflang/wolf/internal/lexer/lexer.go:398.13,399.22 1 0
github.com/wolflang/wolf/internal/lexer/lexer.go:400.12,402.26 2 0
github.com/wolflang/wolf/internal/lexer/lexer.go:404.4,404.12 1 0
github.com/wolflang/wolf/internal/lexer/lexer.go:408.3,409.97 2 1
github.com/wolflang/wolf/internal/lexer/lexer.go:409.97,410.20 1 0
github.com/wolflang/wolf/internal/lexer/lexer.go:410.20,413.5 2 0
github.com/wolflang/wolf/internal/lexer/lexer.go:414.4,423.12 5 0
github.com/wolflang/wolf/internal/lexer/lexer.go:427.3,427.39 1 1
github.com/wolflang/wolf/internal/lexer/lexer.go:427.39,428.20 1 1
github.com/wolflang/wolf/internal/lexer/lexer.go:428.20,431.5 2 1
github.com/wolflang/wolf/internal/lexer/lexer.go:432.4,442.12 6 1
github.com/wolflang/wolf/internal/lexer/lexer.go:446.3,446.39 1 1
github.com/wolflang/wolf/internal/lexer/lexer.go:446.39,447.20 1 1
github.com/wolflang/wolf/internal/lexer/lexer.go:447.20,450.5 2 1
github.com/wolflang/wolf/internal/lexer/lexer.go:451.4,461.12 6 1
github.com/wolflang/wolf/internal/lexer/lexer.go:464.3,464.17 1 1
github.com/wolflang/wolf/internal/lexer/lexer.go:464.17,467.4 2 0
github.com/wolflang/wolf/internal/lexer/lexer.go:468.3,468.28 1 1
github.com/wolflang/wolf/internal/lexer/lexer.go:471.2,471.74 1 0
github.com/wolflang/wolf/internal/lexer/lexer.go:476.37,482.68 4 1
github.com/wolflang/wolf/internal/lexer/lexer.go:482.68,484.3 1 1
github.com/wolflang/wolf/internal/lexer/lexer.go:486.2,487.23 2 1
github.com/wolflang/wolf/internal/lexer/lexer.go:487.23,490.3 2 0
github.com/wolflang/wolf/internal/lexer/lexer.go:492.2,499.61 2 1
github.com/wolflang/wolf/internal/lexer/lexer.go:499.61,512.69 8 1
github.com/wolflang/wolf/internal/lexer/lexer.go:512.69,514.4 1 1
github.com/wolflang/wolf/internal/lexer/lexer.go:515.3,516.24 2 1
github.com/wolflang/wolf/internal/lexer/lexer.go:516.24,522.4 1 1
github.com/wolflang/wolf/internal/lexer/lexer.go:526.3,526.38 1 1
github.com/wolflang/wolf/internal/lexer/lexer.go:526.38,537.39 5 0
github.com/wolflang/wolf/internal/lexer/lexer.go:537.39,542.18 5 0
github.com/wolflang/wolf/internal/lexer/lexer.go:542.18,544.25 2 0
github.com/wolflang/wolf/internal/lexer/lexer.go:544.25,551.12 3 0
github.com/wolflang/wolf/internal/lexer/lexer.go:554.5,554.18 1 0
github.com/wolflang/wolf/internal/lexer/lexer.go:554.18,556.6 1 0
github.com/wolflang/wolf/internal/lexer/lexer.go:557.5,557.18 1 0
github.com/wolflang/wolf/internal/lexer/lexer.go:560.4,560.39 1 0
github.com/wolflang/wolf/internal/lexer/lexer.go:560.39,567.5 2 0
github.com/wolflang/wolf/internal/lexer/lexer.go:567.10,569.5 1 0
github.com/wolflang/wolf/internal/lexer/lexer.go:570.4,570.10 1 0
github.com/wolflang/wolf/internal/lexer/lexer.go:575.2,575.37 1 1
github.com/wolflang/wolf/internal/lexer/lexer.go:575.37,582.3 2 1
github.com/wolflang/wolf/internal/lexer/lexer.go:582.8,584.3 1 0
github.com/wolflang/wolf/internal/lexer/lexer.go:588.40,590.32 2 1
github.com/wolflang/wolf/internal/lexer/lexer.go:590.32,596.16 5 1
github.com/wolflang/wolf/internal/lexer/lexer.go:596.16,598.18 2 1
github.com/wolflang/wolf/internal/lexer/lexer.go:598.18,606.5 3 1
github.com/wolflang/wolf/internal/lexer/lexer.go:608.3,608.16 1 1
github.com/wolflang/wolf/internal/lexer/lexer.go:608.16,610.4 1 0
github.com/wolflang/wolf/internal/lexer/lexer.go:612.3,612.16 1 1
github.com/wolflang/wolf/internal/lexer/lexer.go:615.2,615.15 1 0
github.com/wolflang/wolf/internal/lexer/lexer.go:615.15,617.3 1 0
github.com/wolflang/wolf/internal/lexer/lexer.go:621.48,627.2 1 1
github.com/wolflang/wolf/internal/lexer/lexer.go:630.35,632.37 1 1
github.com/wolflang/wolf/internal/lexer/lexer.go:632.37,636.3 3 0
github.com/wolflang/wolf/internal/lexer/lexer.go:638.2,638.60 1 1
github.com/wolflang/wolf/internal/lexer/lexer.go:638.60,641.3 2 1
github.com/wolflang/wolf/internal/lexer/lexer.go:643.2,643.68 1 1
github.com/wolflang/wolf/internal/lexer/lexer.go:643.68,645.3 1 1
github.com/wolflang/wolf/internal/lexer/lexer.go:647.2,652.4 2 1
github.com/wolflang/wolf/internal/lexer/lexer.go:656.33,657.39 1 1
github.com/wolflang/wolf/internal/lexer/lexer.go:657.39,660.3 2 0
github.com/wolflang/wolf/internal/lexer/lexer.go:662.2,663.47 2 1
github.com/wolflang/wolf/internal/lexer/lexer.go:663.47,665.3 1 1
github.com/wolflang/wolf/internal/lexer/lexer.go:667.2,668.18 2 1
github.com/wolflang/wolf/internal/lexer/lexer.go:668.18,674.3 1 1
github.com/wolflang/wolf/internal/lexer/lexer.go:674.8,674.32 1 1
github.com/wolflang/wolf/internal/lexer/lexer.go:674.32,680.3 1 0
github.com/wolflang/wolf/internal/lexer/lexer.go:680.8,680.28 1 1
github.com/wolflang/wolf/internal/lexer/lexer.go:680.28,686.3 1 0
github.com/wolflang/wolf/internal/lexer/lexer.go:686.8,698.3 2 1
github.com/wolflang/wolf/internal/lexer/lexer.go:702.30,703.40 1 1
github.com/wolflang/wolf/internal/lexer/lexer.go:703.40,705.3 1 1
github.com/wolflang/wolf/internal/lexer/lexer.go:708.2,708.62 1 1
github.com/wolflang/wolf/internal/lexer/lexer.go:708.62,710.41 2 1
github.com/wolflang/wolf/internal/lexer/lexer.go:710.41,712.4 1 1
github.com/wolflang/wolf/internal/lexer/lexer.go:713.3,714.9 2 1
github.com/wolflang/wolf/internal/lexer/lexer.go:717.2,717.23 1 1
github.com/wolflang/wolf/internal/lexer/lexer.go:721.34,722.68 1 1
github.com/wolflang/wolf/internal/lexer/lexer.go:722.68,724.3 1 1
github.com/wolflang/wolf/internal/lexer/lexer.go:726.2,733.4 3 1
github.com/wolflang/wolf/internal/lexer/lexer.go:739.32,740.17 1 1
github.com/wolflang/wolf/internal/lexer/lexer.go:740.17,742.3 1 0
github.com/wolflang/wolf/internal/lexer/lexer.go:743.2,745.15 3 1
github.com/wolflang/wolf/internal/lexer/lexer.go:745.15,748.3 2 1
github.com/wolflang/wolf/internal/lexer/lexer.go:748.8,750.3 1 1
github.com/wolflang/wolf/internal/lexer/lexer.go:751.2,751.10 1 1
github.com/wolflang/wolf/internal/lexer/lexer.go:755.29,756.17 1 1
github.com/wolflang/wolf/internal/lexer/lexer.go:756.17,758.3 1 0
github.com/wolflang/wolf/internal/lexer/lexer.go:759.2,760.10 2 1
github.com/wolflang/wolf/internal/lexer/lexer.go:764.33,765.17 1 1
github.com/wolflang/wolf/internal/lexer/lexer.go:765.17,767.3 1 0
github.com/wolflang/wolf/internal/lexer/lexer.go:768.2,769.37 2 1
github.com/wolflang/wolf/internal/lexer/lexer.go:769.37,771.3 1 0
github.com/wolflang/wolf/internal/lexer/lexer.go:772.2,773.10 2 1
github.com/wolflang/wolf/internal/lexer/lexer.go:777.43,778.17 1 1
github.com/wolflang/wolf/internal/lexer/lexer.go:778.17,780.3 1 1
github.com/wolflang/wolf/internal/lexer/lexer.go:781.2,782.19 2 1
github.com/wolflang/wolf/internal/lexer/lexer.go:782.19,784.3 1 1
github.com/wolflang/wolf/internal/lexer/lexer.go:785.2,786.13 2 1
github.com/wolflang/wolf/internal/lexer/lexer.go:790.32,792.2 1 1
github.com/wolflang/wolf/internal/lexer/lexer.go:797.47,804.2 2 1
github.com/wolflang/wolf/internal/lexer/lexer.go:807.62,816.2 3 1
github.com/wolflang/wolf/internal/lexer/lexer.go:820.28,822.2 1 1
github.com/wolflang/wolf/internal/lexer/lexer.go:824.28,826.2 1 1
github.com/wolflang/wolf/internal/lexer/lexer.go:828.35,830.2 1 1
github.com/wolflang/wolf/internal/lexer/token.go:14.35,15.18 1 0
github.com/wolflang/wolf/internal/lexer/token.go:15.18,17.3 1 0
github.com/wolflang/wolf/internal/lexer/token.go:18.2,18.44 1 0
github.com/wolflang/wolf/internal/lexer/token.go:29.32,31.2 1 0
github.com/wolflang/wolf/internal/lexer/token_types.go:226.36,227.39 1 0
github.com/wolflang/wolf/internal/lexer/token_types.go:227.39,229.3 1 0
github.com/wolflang/wolf/internal/lexer/token_types.go:230.2,230.18 1 0
github.com/wolflang/wolf/internal/lexer/token_types.go:283.42,284.36 1 1
github.com/wolflang/wolf/internal/lexer/token_types.go:284.36,286.3 1 1
github.com/wolflang/wolf/internal/lexer/token_types.go:287.2,287.20 1 1
github.com/wolflang/wolf/internal/migrate/driver.go:14.51,16.16 2 0
github.com/wolflang/wolf/internal/migrate/driver.go:16.16,18.3 1 0
github.com/wolflang/wolf/internal/migrate/driver.go:20.2,21.16 2 0
github.com/wolflang/wolf/internal/migrate/driver.go:21.16,23.3 1 0
github.com/wolflang/wolf/internal/migrate/driver.go:24.2,24.34 1 0
github.com/wolflang/wolf/internal/migrate/driver.go:24.34,28.3 2 0
github.com/wolflang/wolf/internal/migrate/driver.go:30.2,30.16 1 0
github.com/wolflang/wolf/internal/migrate/driver.go:34.72,35.37 1 0
github.com/wolflang/wolf/internal/migrate/driver.go:36.15,40.23 2 0
github.com/wolflang/wolf/internal/migrate/driver.go:41.18,45.26 2 0
github.com/wolflang/wolf/internal/migrate/driver.go:46.15,48.98 1 0
github.com/wolflang/wolf/internal/migrate/driver.go:49.10,50.96 1 0
github.com/wolflang/wolf/internal/migrate/driver.go:52.2,52.8 1 0
github.com/wolflang/wolf/internal/migrate/driver.go:56.61,58.33 2 0
github.com/wolflang/wolf/internal/migrate/driver.go:59.18,65.4 1 0
github.com/wolflang/wolf/internal/migrate/driver.go:66.10,72.4 1 0
github.com/wolflang/wolf/internal/migrate/driver.go:75.2,76.16 2 0
github.com/wolflang/wolf/internal/migrate/driver.go:76.16,78.3 1 0
github.com/wolflang/wolf/internal/migrate/driver.go:79.2,79.12 1 0
github.com/wolflang/wolf/internal/migrate/driver.go:83.57,85.16 2 0
github.com/wolflang/wolf/internal/migrate/driver.go:85.16,87.3 1 0
github.com/wolflang/wolf/internal/migrate/driver.go:88.2,91.18 3 0
github.com/wolflang/wolf/internal/migrate/driver.go:91.18,93.58 2 0
github.com/wolflang/wolf/internal/migrate/driver.go:93.58,95.4 1 0
github.com/wolflang/wolf/internal/migrate/driver.go:96.3,96.32 1 0
github.com/wolflang/wolf/internal/migrate/driver.go:98.2,98.28 1 0
github.com/wolflang/wolf/internal/migrate/driver.go:102.53,105.2 2 0
github.com/wolflang/wolf/internal/migrate/driver.go:108.61,111.2 2 0
github.com/wolflang/wolf/internal/migrate/driver.go:114.56,117.2 2 0
github.com/wolflang/wolf/internal/migrate/driver.go:120.64,123.2 2 0
github.com/wolflang/wolf/internal/migrate/migrate.go:22.63,23.25 1 0
github.com/wolflang/wolf/internal/migrate/migrate.go:23.25,25.3 1 0
github.com/wolflang/wolf/internal/migrate/migrate.go:26.2,30.3 1 0
github.com/wolflang/wolf/internal/migrate/migrate.go:34.36,36.16 2 0
github.com/wolflang/wolf/internal/migrate/migrate.go:36.16,38.3 1 0
github.com/wolflang/wolf/internal/migrate/migrate.go:39.2,41.64 2 0
github.com/wolflang/wolf/internal/migrate/migrate.go:41.64,43.3 1 0
github.com/wolflang/wolf/internal/migrate/migrate.go:45.2,46.16 2 0
github.com/wolflang/wolf/internal/migrate/migrate.go:46.16,48.3 1 0
github.com/wolflang/wolf/internal/migrate/migrate.go:50.2,51.16 2 0
github.com/wolflang/wolf/internal/migrate/migrate.go:51.16,53.3 1 0
github.com/wolflang/wolf/internal/migrate/migrate.go:57.2,58.32 2 0
github.com/wolflang/wolf/internal/migrate/migrate.go:58.32,59.44 1 0
github.com/wolflang/wolf/internal/migrate/migrate.go:59.44,60.12 1 0
github.com/wolflang/wolf/internal/migrate/migrate.go:62.3,62.26 1 0
github.com/wolflang/wolf/internal/migrate/migrate.go:62.26,63.9 1 0
github.com/wolflang/wolf/internal/migrate/migrate.go:66.3,66.21 1 0
github.com/wolflang/wolf/internal/migrate/migrate.go:66.21,68.12 2 0
github.com/wolflang/wolf/internal/migrate/migrate.go:71.3,74.17 3 0
github.com/wolflang/wolf/internal/migrate/migrate.go:74.17,76.4 1 0
github.com/wolflang/wolf/internal/migrate/migrate.go:78.3,80.35 3 0
github.com/wolflang/wolf/internal/migrate/migrate.go:80.35,82.18 2 0
github.com/wolflang/wolf/internal/migrate/migrate.go:82.18,83.13 1 0
github.com/wolflang/wolf/internal/migrate/migrate.go:85.4,85.46 1 0
github.com/wolflang/wolf/internal/migrate/migrate.go:85.46,86.10 1 0
github.com/wolflang/wolf/internal/migrate/migrate.go:90.3,90.19 1 0
github.com/wolflang/wolf/internal/migrate/migrate.go:90.19,93.4 2 0
github.com/wolflang/wolf/internal/migrate/migrate.go:96.3,96.50 1 0
github.com/wolflang/wolf/internal/migrate/migrate.go:96.50,98.4 1 0
github.com/wolflang/wolf/internal/migrate/migrate.go:98.9,100.4 1 0
github.com/wolflang/wolf/internal/migrate/migrate.go:101.3,101.19 1 0
github.com/wolflang/wolf/internal/migrate/migrate.go:101.19,104.4 2 0
github.com/wolflang/wolf/internal/migrate/migrate.go:106.3,106.37 1 0
github.com/wolflang/wolf/internal/migrate/migrate.go:106.37,108.4 1 0
github.com/wolflang/wolf/internal/migrate/migrate.go:110.3,111.10 2 0
github.com/wolflang/wolf/internal/migrate/migrate.go:114.2,114.16 1 0
github.com/wolflang/wolf/internal/migrate/migrate.go:114.16,116.3 1 0
github.com/wolflang/wolf/internal/migrate/migrate.go:116.8,118.3 1 0
github.com/wolflang/wolf/internal/migrate/migrate.go:120.2,120.12 1 0
github.com/wolflang/wolf/internal/migrate/migrate.go:124.38,125.12 1 0
github.com/wolflang/wolf/internal/migrate/migrate.go:125.12,127.3 1 0
github.com/wolflang/wolf/internal/migrate/migrate.go:129.2,130.16 2 0
github.com/wolflang/wolf/internal/migrate/migrate.go:130.16,132.3 1 0
github.com/wolflang/wolf/internal/migrate/migrate.go:133.2,135.64 2 0
github.com/wolflang/wolf/internal/migrate/migrate.go:135.64,137.3 1 0
github.com/wolflang/wolf/internal/migrate/migrate.go:139.2,140.16 2 0
github.com/wolflang/wolf/internal/migrate/migrate.go:140.16,142.3 1 0
github.com/wolflang/wolf/internal/migrate/migrate.go:144.2,145.16 2 0
github.com/wolflang/wolf/internal/migrate/migrate.go:145.16,147.3 1 0
github.com/wolflang/wolf/internal/migrate/migrate.go:150.2,151.44 2 0
github.com/wolflang/wolf/internal/migrate/migrate.go:151.44,153.45 2 0
github.com/wolflang/wolf/internal/migrate/migrate.go:153.45,154.12 1 0
github.com/wolflang/wolf/internal/migrate/migrate.go:156.3,156.17 1 0
github.com/wolflang/wolf/internal/migrate/migrate.go:156.17,157.9 1 0
github.com/wolflang/wolf/internal/migrate/migrate.go:160.3,160.23 1 0
github.com/wolflang/wolf/internal/migrate/migrate.go:160.23,163.12 3 0
github.com/wolflang/wolf/internal/migrate/migrate.go:166.3,169.17 3 0
github.com/wolflang/wolf/internal/migrate/migrate.go:169.17,171.4 1 0
github.com/wolflang/wolf/internal/migrate/migrate.go:173.3,175.35 3 0
github.com/wolflang/wolf/internal/migrate/migrate.go:175.35,177.18 2 0
github.com/wolflang/wolf/internal/migrate/migrate.go:177.18,178.13 1 0
github.com/wolflang/wolf/internal/migrate/migrate.go:180.4,180.46 1 0
github.com/wolflang/wolf/internal/migrate/migrate.go:180.46,181.10 1 0
github.com/wolflang/wolf/internal/migrate/migrate.go:185.3,185.19 1 0
github.com/wolflang/wolf/internal/migrate/migrate.go:185.19,188.4 2 0
github.com/wolflang/wolf/internal/migrate/migrate.go:191.3,191.50 1 0
github.com/wolflang/wolf/internal/migrate/migrate.go:191.50,193.4 1 0
github.com/wolflang/wolf/internal/migrate/migrate.go:193.9,195.4 1 0
github.com/wolflang/wolf/internal/migrate/migrate.go:196.3,196.19 1 0
github.com/wolflang/wolf/internal/migrate/migrate.go:196.19,199.4 2 0
github.com/wolflang/wolf/internal/migrate/migrate.go:201.3,201.37 1 0
github.com/wolflang/wolf/internal/migrate/migrate.go:201.37,203.4 1 0
github.com/wolflang/wolf/internal/migrate/migrate.go:205.3,206.10 2 0
github.com/wolflang/wolf/internal/migrate/migrate.go:209.2,209.16 1 0
github.com/wolflang/wolf/internal/migrate/migrate.go:209.16,211.3 1 0
github.com/wolflang/wolf/internal/migrate/migrate.go:211.8,213.3 1 0
github.com/wolflang/wolf/internal/migrate/migrate.go:215.2,215.12 1 0
github.com/wolflang/wolf/internal/migrate/migrate.go:219.34,221.16 2 0
github.com/wolflang/wolf/internal/migrate/migrate.go:221.16,223.3 1 0
github.com/wolflang/wolf/internal/migrate/migrate.go:224.2,226.64 2 0
github.com/wolflang/wolf/internal/migrate/migrate.go:226.64,228.3 1 0
github.com/wolflang/wolf/internal/migrate/migrate.go:230.2,231.16 2 0
github.com/wolflang/wolf/internal/migrate/migrate.go:231.16,233.3 1 0
github.com/wolflang/wolf/internal/migrate/migrate.go:235.2,236.16 2 0
github.com/wolflang/wolf/internal/migrate/migrate.go:236.16,238.3 1 0
github.com/wolflang/wolf/internal/migrate/migrate.go:241.2,242.44 2 0
github.com/wolflang/wolf/internal/migrate/migrate.go:242.44,244.45 2 0
github.com/wolflang/wolf/internal/migrate/migrate.go:244.45,245.12 1 0
github.com/wolflang/wolf/internal/migrate/migrate.go:247.3,247.23 1 0
github.com/wolflang/wolf/internal/migrate/migrate.go:247.23,249.12 2 0
github.com/wolflang/wolf/internal/migrate/migrate.go:251.3,252.35 2 0
github.com/wolflang/wolf/internal/migrate/migrate.go:252.35,254.18 2 0
github.com/wolflang/wolf/internal/migrate/migrate.go:254.18,256.5 1 0
github.com/wolflang/wolf/internal/migrate/migrate.go:258.3,258.50 1 0
github.com/wolflang/wolf/internal/migrate/migrate.go:258.50,260.4 1 0
github.com/wolflang/wolf/internal/migrate/migrate.go:260.9,262.4 1 0
github.com/wolflang/wolf/internal/migrate/migrate.go:265.2,266.16 2 0
github.com/wolflang/wolf/internal/migrate/migrate.go:270.35,272.16 2 0
github.com/wolflang/wolf/internal/migrate/migrate.go:272.16,274.3 1 0
github.com/wolflang/wolf/internal/migrate/migrate.go:275.2,277.64 2 0
github.com/wolflang/wolf/internal/migrate/migrate.go:277.64,279.3 1 0
github.com/wolflang/wolf/internal/migrate/migrate.go:281.2,282.16 2 0
github.com/wolflang/wolf/internal/migrate/migrate.go:282.16,284.3 1 0
github.com/wolflang/wolf/internal/migrate/migrate.go:286.2,287.16 2 0
github.com/wolflang/wolf/internal/migrate/migrate.go:287.16,289.3 1 0
github.com/wolflang/wolf/internal/migrate/migrate.go:291.2,291.26 1 0
github.com/wolflang/wolf/internal/migrate/migrate.go:291.26,294.3 2 0
github.com/wolflang/wolf/internal/migrate/migrate.go:296.2,299.32 3 0
github.com/wolflang/wolf/internal/migrate/migrate.go:299.32,300.45 1 0
github.com/wolflang/wolf/internal/migrate/migrate.go:300.45,302.4 1 0
github.com/wolflang/wolf/internal/migrate/migrate.go:302.9,304.4 1 0
github.com/wolflang/wolf/internal/migrate/migrate.go:306.2,307.12 2 0
github.com/wolflang/wolf/internal/migrate/migrate.go:311.61,312.23 1 0
github.com/wolflang/wolf/internal/migrate/migrate.go:312.23,314.3 1 0
github.com/wolflang/wolf/internal/migrate/migrate.go:316.2,316.59 1 0
github.com/wolflang/wolf/internal/migrate/migrate.go:316.59,318.3 1 0
github.com/wolflang/wolf/internal/migrate/migrate.go:320.2,323.41 3 0
github.com/wolflang/wolf/internal/migrate/migrate.go:323.41,325.3 1 0
github.com/wolflang/wolf/internal/migrate/migrate.go:327.2,328.66 2 0
github.com/wolflang/wolf/internal/migrate/migrate.go:328.66,330.3 1 0
github.com/wolflang/wolf/internal/migrate/migrate.go:332.2,332.18 1 0
github.com/wolflang/wolf/internal/migrate/migrate.go:337.43,339.47 2 0
github.com/wolflang/wolf/internal/migrate/migrate.go:339.47,341.51 2 0
github.com/wolflang/wolf/internal/migrate/migrate.go:341.51,343.4 1 0
github.com/wolflang/wolf/internal/migrate/migrate.go:345.2,345.14 1 0
github.com/wolflang/wolf/internal/migrate/scanner.go:36.54,38.16 2 0
github.com/wolflang/wolf/internal/migrate/scanner.go:38.16,39.25 1 0
github.com/wolflang/wolf/internal/migrate/scanner.go:39.25,41.4 1 0
github.com/wolflang/wolf/internal/migrate/scanner.go:42.3,42.78 1 0
github.com/wolflang/wolf/internal/migrate/scanner.go:45.2,46.32 2 0
github.com/wolflang/wolf/internal/migrate/scanner.go:46.32,47.20 1 0
github.com/wolflang/wolf/internal/migrate/scanner.go:47.20,48.12 1 0
github.com/wolflang/wolf/internal/migrate/scanner.go:50.3,51.39 2 0
github.com/wolflang/wolf/internal/migrate/scanner.go:51.39,52.12 1 0
github.com/wolflang/wolf/internal/migrate/scanner.go:55.3,56.17 2 0
github.com/wolflang/wolf/internal/migrate/scanner.go:56.17,58.4 1 0
github.com/wolflang/wolf/internal/migrate/scanner.go:59.3,59.37 1 0
github.com/wolflang/wolf/internal/migrate/scanner.go:62.2,62.45 1 0
github.com/wolflang/wolf/internal/migrate/scanner.go:62.45,64.3 1 0
github.com/wolflang/wolf/internal/migrate/scanner.go:66.2,66.24 1 0
github.com/wolflang/wolf/internal/migrate/scanner.go:71.46,76.2 4 0
github.com/wolflang/wolf/internal/migrate/scanner.go:79.46,89.2 1 0
github.com/wolflang/wolf/internal/migrate/scanner.go:92.48,94.16 2 0
github.com/wolflang/wolf/internal/migrate/scanner.go:94.16,96.3 1 0
github.com/wolflang/wolf/internal/migrate/scanner.go:98.2,110.8 5 0
github.com/wolflang/wolf/internal/migrate/scanner.go:114.60,118.21 3 0
github.com/wolflang/wolf/internal/migrate/scanner.go:118.21,120.22 2 0
github.com/wolflang/wolf/internal/migrate/scanner.go:120.22,122.4 1 0
github.com/wolflang/wolf/internal/migrate/scanner.go:122.9,122.29 1 0
github.com/wolflang/wolf/internal/migrate/scanner.go:122.29,124.4 1 0
github.com/wolflang/wolf/internal/migrate/scanner.go:125.8,128.3 2 0
github.com/wolflang/wolf/internal/migrate/scanner.go:129.2,129.8 1 0
github.com/wolflang/wolf/internal/migrate/scanner.go:134.60,144.29 5 0
github.com/wolflang/wolf/internal/migrate/scanner.go:144.29,148.23 3 0
github.com/wolflang/wolf/internal/migrate/scanner.go:148.23,150.12 2 0
github.com/wolflang/wolf/internal/migrate/scanner.go:152.3,152.25 1 0
github.com/wolflang/wolf/internal/migrate/scanner.go:152.25,154.12 2 0
github.com/wolflang/wolf/internal/migrate/scanner.go:157.3,157.18 1 0
github.com/wolflang/wolf/internal/migrate/scanner.go:158.18,159.35 1 0
github.com/wolflang/wolf/internal/migrate/scanner.go:160.20,161.39 1 0
github.com/wolflang/wolf/internal/migrate/scanner.go:165.2,165.67 1 0
github.com/wolflang/wolf/internal/migrate/scanner.go:169.30,172.23 3 0
github.com/wolflang/wolf/internal/migrate/scanner.go:172.23,173.10 1 0
github.com/wolflang/wolf/internal/migrate/scanner.go:174.55,175.19 1 0
github.com/wolflang/wolf/internal/migrate/scanner.go:176.31,177.20 1 0
github.com/wolflang/wolf/internal/migrate/scanner.go:180.2,180.19 1 0
github.com/wolflang/wolf/internal/parser/ast_nodes.go:35.40,35.60 1 0
github.com/wolflang/wolf/internal/parser/ast_nodes.go:36.40,36.57 1 0
github.com/wolflang/wolf/internal/parser/ast_nodes.go:46.47,46.74 1 0
github.com/wolflang/wolf/internal/parser/ast_nodes.go:47.47,47.64 1 0
github.com/wolflang/wolf/internal/parser/ast_nodes.go:48.48,48.49 0 0
github.com/wolflang/wolf/internal/parser/ast_nodes.go:58.40,58.60 1 0
github.com/wolflang/wolf/internal/parser/ast_nodes.go:59.40,59.57 1 0
github.com/wolflang/wolf/internal/parser/ast_nodes.go:60.41,60.42 0 0
github.com/wolflang/wolf/internal/parser/ast_nodes.go:70.43,70.66 1 0
github.com/wolflang/wolf/internal/parser/ast_nodes.go:71.43,71.60 1 0
github.com/wolflang/wolf/internal/parser/ast_nodes.go:72.44,72.45 0 0
github.com/wolflang/wolf/internal/parser/ast_nodes.go:80.43,80.66 1 0
github.com/wolflang/wolf/internal/parser/ast_nodes.go:81.43,81.60 1 0
github.com/wolflang/wolf/internal/parser/ast_nodes.go:82.44,82.45 0 0
github.com/wolflang/wolf/internal/parser/ast_nodes.go:93.39,93.58 1 0
github.com/wolflang/wolf/internal/parser/ast_nodes.go:94.39,94.56 1 0
github.com/wolflang/wolf/internal/parser/ast_nodes.go:95.40,95.41 0 0
github.com/wolflang/wolf/internal/parser/ast_nodes.go:104.45,104.70 1 0
github.com/wolflang/wolf/internal/parser/ast_nodes.go:105.45,105.62 1 0
github.com/wolflang/wolf/internal/parser/ast_nodes.go:116.40,116.60 1 0
github.com/wolflang/wolf/internal/parser/ast_nodes.go:117.40,117.57 1 0
github.com/wolflang/wolf/internal/parser/ast_nodes.go:118.41,118.42 0 0
github.com/wolflang/wolf/internal/parser/ast_nodes.go:130.44,130.68 1 0
github.com/wolflang/wolf/internal/parser/ast_nodes.go:131.44,131.61 1 0
github.com/wolflang/wolf/internal/parser/ast_nodes.go:132.45,132.46 0 0
github.com/wolflang/wolf/internal/parser/ast_nodes.go:141.42,141.64 1 0
github.com/wolflang/wolf/internal/parser/ast_nodes.go:142.42,142.59 1 0
github.com/wolflang/wolf/internal/parser/ast_nodes.go:143.43,143.44 0 0
github.com/wolflang/wolf/internal/parser/ast_nodes.go:152.42,152.64 1 0
github.com/wolflang/wolf/internal/parser/ast_nodes.go:153.42,153.59 1 0
github.com/wolflang/wolf/internal/parser/ast_nodes.go:154.43,154.44 0 0
github.com/wolflang/wolf/internal/parser/ast_nodes.go:163.41,163.62 1 0
github.com/wolflang/wolf/internal/parser/ast_nodes.go:164.41,164.58 1 0
github.com/wolflang/wolf/internal/parser/ast_nodes.go:172.42,172.64 1 0
github.com/wolflang/wolf/internal/parser/ast_nodes.go:173.42,173.59 1 0
github.com/wolflang/wolf/internal/parser/ast_nodes.go:174.43,174.44 0 0
github.com/wolflang/wolf/internal/parser/ast_nodes.go:187.41,187.62 1 0
github.com/wolflang/wolf/internal/parser/ast_nodes.go:188.41,188.58 1 0
github.com/wolflang/wolf/internal/parser/ast_nodes.go:189.42,189.43 0 0
github.com/wolflang/wolf/internal/parser/ast_nodes.go:199.38,199.56 1 0
github.com/wolflang/wolf/internal/parser/ast_nodes.go:200.38,200.55 1 0
github.com/wolflang/wolf/internal/parser/ast_nodes.go:208.47,208.74 1 0
github.com/wolflang/wolf/internal/parser/ast_nodes.go:209.47,209.64 1 0
github.com/wolflang/wolf/internal/parser/ast_nodes.go:222.42,222.64 1 0
github.com/wolflang/wolf/internal/parser/ast_nodes.go:223.42,223.59 1 0
github.com/wolflang/wolf/internal/parser/ast_nodes.go:224.43,224.44 0 0
github.com/wolflang/wolf/internal/parser/ast_nodes.go:233.46,233.72 1 0
github.com/wolflang/wolf/internal/parser/ast_nodes.go:234.46,234.63 1 0
github.com/wolflang/wolf/internal/parser/ast_nodes.go:235.47,235.48 0 0
github.com/wolflang/wolf/internal/parser/ast_nodes.go:245.48,245.76 1 0
github.com/wolflang/wolf/internal/parser/ast_nodes.go:246.48,246.65 1 0
github.com/wolflang/wolf/internal/parser/ast_nodes.go:255.41,255.62 1 0
github.com/wolflang/wolf/internal/parser/ast_nodes.go:256.41,256.58 1 0
github.com/wolflang/wolf/internal/parser/ast_nodes.go:257.42,257.43 0 0
github.com/wolflang/wolf/internal/parser/ast_nodes.go:268.45,268.70 1 0
github.com/wolflang/wolf/internal/parser/ast_nodes.go:269.45,269.62 1 0
github.com/wolflang/wolf/internal/parser/ast_nodes.go:279.45,279.70 1 0
github.com/wolflang/wolf/internal/parser/ast_nodes.go:280.45,280.62 1 0
github.com/wolflang/wolf/internal/parser/ast_nodes.go:281.46,281.47 0 0
github.com/wolflang/wolf/internal/parser/ast_nodes.go:289.46,289.72 1 0
github.com/wolflang/wolf/internal/parser/ast_nodes.go:290.46,290.63 1 0
github.com/wolflang/wolf/internal/parser/ast_nodes.go:291.47,291.48 0 0
github.com/wolflang/wolf/internal/parser/ast_nodes.go:303.44,303.68 1 0
github.com/wolflang/wolf/internal/parser/ast_nodes.go:304.44,304.61 1 0
github.com/wolflang/wolf/internal/parser/ast_nodes.go:305.45,305.46 0 0
github.com/wolflang/wolf/internal/parser/ast_nodes.go:316.51,316.82 1 0
github.com/wolflang/wolf/internal/parser/ast_nodes.go:317.51,317.68 1 0
github.com/wolflang/wolf/internal/parser/ast_nodes.go:318.52,318.53 0 0
github.com/wolflang/wolf/internal/parser/ast_nodes.go:326.42,326.64 1 0
github.com/wolflang/wolf/internal/parser/ast_nodes.go:327.42,327.59 1 0
github.com/wolflang/wolf/internal/parser/ast_nodes.go:328.43,328.44 0 0
github.com/wolflang/wolf/internal/parser/ast_nodes.go:337.47,337.74 1 0
github.com/wolflang/wolf/internal/parser/ast_nodes.go:338.47,338.64 1 0
github.com/wolflang/wolf/internal/parser/ast_nodes.go:339.48,339.49 0 0
github.com/wolflang/wolf/internal/parser/ast_nodes.go:347.45,347.70 1 0
github.com/wolflang/wolf/internal/parser/ast_nodes.go:348.45,348.62 1 0
github.com/wolflang/wolf/internal/parser/ast_nodes.go:349.46,349.47 0 0
github.com/wolflang/wolf/internal/parser/ast_nodes.go:358.50,358.80 1 0
github.com/wolflang/wolf/internal/parser/ast_nodes.go:359.50,359.67 1 0
github.com/wolflang/wolf/internal/parser/ast_nodes.go:360.51,360.52 0 0
github.com/wolflang/wolf/internal/parser/ast_nodes.go:370.44,370.68 1 0
github.com/wolflang/wolf/internal/parser/ast_nodes.go:371.44,371.61 1 0
github.com/wolflang/wolf/internal/parser/ast_nodes.go:372.45,372.46 0 0
github.com/wolflang/wolf/internal/parser/ast_nodes.go:380.43,380.66 1 0
github.com/wolflang/wolf/internal/parser/ast_nodes.go:381.43,381.60 1 0
github.com/wolflang/wolf/internal/parser/ast_nodes.go:382.44,382.45 0 0
github.com/wolflang/wolf/internal/parser/ast_nodes.go:390.43,390.66 1 0
github.com/wolflang/wolf/internal/parser/ast_nodes.go:391.43,391.60 1 0
github.com/wolflang/wolf/internal/parser/ast_nodes.go:392.44,392.45 0 0
github.com/wolflang/wolf/internal/parser/ast_nodes.go:400.45,400.70 1 0
github.com/wolflang/wolf/internal/parser/ast_nodes.go:401.45,401.62 1 0
github.com/wolflang/wolf/internal/parser/ast_nodes.go:402.46,402.47 0 0
github.com/wolflang/wolf/internal/parser/ast_nodes.go:410.46,410.72 1 0
github.com/wolflang/wolf/internal/parser/ast_nodes.go:411.46,411.63 1 0
github.com/wolflang/wolf/internal/parser/ast_nodes.go:412.47,412.48 0 0
github.com/wolflang/wolf/internal/parser/ast_nodes.go:420.51,420.82 1 0
github.com/wolflang/wolf/internal/parser/ast_nodes.go:421.51,421.68 1 0
github.com/wolflang/wolf/internal/parser/ast_nodes.go:422.52,422.53 0 0
github.com/wolflang/wolf/internal/parser/ast_nodes.go:430.44,430.68 1 0
github.com/wolflang/wolf/internal/parser/ast_nodes.go:431.44,431.61 1 0
github.com/wolflang/wolf/internal/parser/ast_nodes.go:432.45,432.46 0 0
github.com/wolflang/wolf/internal/parser/ast_nodes.go:439.43,439.66 1 0
github.com/wolflang/wolf/internal/parser/ast_nodes.go:440.43,440.60 1 0
github.com/wolflang/wolf/internal/parser/ast_nodes.go:441.44,441.45 0 0
github.com/wolflang/wolf/internal/parser/ast_nodes.go:448.41,448.62 1 0
github.com/wolflang/wolf/internal/parser/ast_nodes.go:449.41,449.58 1 0
github.com/wolflang/wolf/internal/parser/ast_nodes.go:450.42,450.43 0 0
github.com/wolflang/wolf/internal/parser/ast_nodes.go:458.45,458.70 1 0
github.com/wolflang/wolf/internal/parser/ast_nodes.go:459.45,459.62 1 0
github.com/wolflang/wolf/internal/parser/ast_nodes.go:460.46,460.47 0 0
github.com/wolflang/wolf/internal/parser/ast_nodes.go:469.43,469.66 1 0
github.com/wolflang/wolf/internal/parser/ast_nodes.go:470.43,470.60 1 0
github.com/wolflang/wolf/internal/parser/ast_nodes.go:471.44,471.45 0 0
github.com/wolflang/wolf/internal/parser/ast_nodes.go:481.43,481.66 1 0
github.com/wolflang/wolf/internal/parser/ast_nodes.go:482.43,482.60 1 0
github.com/wolflang/wolf/internal/parser/ast_nodes.go:483.44,483.45 0 0
github.com/wolflang/wolf/internal/parser/ast_nodes.go:492.42,492.64 1 0
github.com/wolflang/wolf/internal/parser/ast_nodes.go:493.42,493.59 1 0
github.com/wolflang/wolf/internal/parser/ast_nodes.go:494.43,494.44 0 0
github.com/wolflang/wolf/internal/parser/ast_nodes.go:503.44,503.68 1 0
github.com/wolflang/wolf/internal/parser/ast_nodes.go:504.44,504.61 1 0
github.com/wolflang/wolf/internal/parser/ast_nodes.go:505.45,505.46 0 0
github.com/wolflang/wolf/internal/parser/ast_nodes.go:516.41,516.62 1 0
github.com/wolflang/wolf/internal/parser/ast_nodes.go:517.41,517.58 1 0
github.com/wolflang/wolf/internal/parser/ast_nodes.go:518.42,518.43 0 0
github.com/wolflang/wolf/internal/parser/ast_nodes.go:527.41,527.62 1 0
github.com/wolflang/wolf/internal/parser/ast_nodes.go:528.41,528.58 1 0
github.com/wolflang/wolf/internal/parser/ast_nodes.go:537.47,537.74 1 0
github.com/wolflang/wolf/internal/parser/ast_nodes.go:538.47,538.64 1 0
github.com/wolflang/wolf/internal/parser/ast_nodes.go:539.48,539.49 0 0
github.com/wolflang/wolf/internal/parser/ast_nodes.go:549.43,549.66 1 0
github.com/wolflang/wolf/internal/parser/ast_nodes.go:550.43,550.60 1 0
github.com/wolflang/wolf/internal/parser/ast_nodes.go:551.44,551.45 0 0
github.com/wolflang/wolf/internal/parser/ast_nodes.go:561.43,561.66 1 0
github.com/wolflang/wolf/internal/parser/ast_nodes.go:562.43,562.60 1 0
github.com/wolflang/wolf/internal/parser/ast_nodes.go:563.44,563.45 0 0
github.com/wolflang/wolf/internal/parser/ast_nodes.go:572.43,572.66 1 0
github.com/wolflang/wolf/internal/parser/ast_nodes.go:573.43,573.60 1 0
github.com/wolflang/wolf/internal/parser/ast_nodes.go:574.44,574.45 0 0
github.com/wolflang/wolf/internal/parser/ast_nodes.go:583.42,583.64 1 0
github.com/wolflang/wolf/internal/parser/ast_nodes.go:584.42,584.59 1 0
github.com/wolflang/wolf/internal/parser/ast_nodes.go:585.43,585.44 0 0
github.com/wolflang/wolf/internal/parser/ast_nodes.go:595.40,595.60 1 0
github.com/wolflang/wolf/internal/parser/ast_nodes.go:596.40,596.57 1 0
github.com/wolflang/wolf/internal/parser/ast_nodes.go:597.41,597.42 0 0
github.com/wolflang/wolf/internal/parser/ast_nodes.go:607.44,607.68 1 0
github.com/wolflang/wolf/internal/parser/ast_nodes.go:608.44,608.61 1 0
github.com/wolflang/wolf/internal/parser/ast_nodes.go:609.45,609.46 0 0
github.com/wolflang/wolf/internal/parser/ast_nodes.go:617.42,617.64 1 0
github.com/wolflang/wolf/internal/parser/ast_nodes.go:618.42,618.59 1 0
github.com/wolflang/wolf/internal/parser/ast_nodes.go:619.43,619.44 0 0
github.com/wolflang/wolf/internal/parser/ast_nodes.go:627.42,627.64 1 0
github.com/wolflang/wolf/internal/parser/ast_nodes.go:628.42,628.59 1 0
github.com/wolflang/wolf/internal/parser/ast_nodes.go:629.43,629.44 0 0
github.com/wolflang/wolf/internal/parser/ast_nodes.go:637.44,637.68 1 0
github.com/wolflang/wolf/internal/parser/ast_nodes.go:638.44,638.61 1 0
github.com/wolflang/wolf/internal/parser/ast_nodes.go:639.45,639.46 0 0
github.com/wolflang/wolf/internal/parser/ast_nodes.go:648.41,648.62 1 0
github.com/wolflang/wolf/internal/parser/ast_nodes.go:649.41,649.58 1 0
github.com/wolflang/wolf/internal/parser/ast_nodes.go:650.42,650.43 0 0
github.com/wolflang/wolf/internal/parser/ast_nodes.go:658.44,658.68 1 0
github.com/wolflang/wolf/internal/parser/ast_nodes.go:659.44,659.61 1 0
github.com/wolflang/wolf/internal/parser/ast_nodes.go:660.45,660.46 0 0
github.com/wolflang/wolf/internal/parser/ast_nodes.go:668.42,668.64 1 0
github.com/wolflang/wolf/internal/parser/ast_nodes.go:669.42,669.59 1 0
github.com/wolflang/wolf/internal/parser/ast_nodes.go:670.43,670.44 0 0
github.com/wolflang/wolf/internal/parser/ast_nodes.go:679.45,679.70 1 0
github.com/wolflang/wolf/internal/parser/ast_nodes.go:680.45,680.62 1 0
github.com/wolflang/wolf/internal/parser/ast_nodes.go:681.46,681.47 0 0
github.com/wolflang/wolf/internal/parser/ast_nodes.go:689.42,689.64 1 0
github.com/wolflang/wolf/internal/parser/ast_nodes.go:690.42,690.59 1 0
github.com/wolflang/wolf/internal/parser/ast_nodes.go:691.43,691.44 0 0
github.com/wolflang/wolf/internal/parser/parser.go:19.53,24.2 1 1
github.com/wolflang/wolf/internal/parser/parser.go:27.57,32.19 2 1
github.com/wolflang/wolf/internal/parser/parser.go:32.19,34.18 2 1
github.com/wolflang/wolf/internal/parser/parser.go:34.18,36.4 1 1
github.com/wolflang/wolf/internal/parser/parser.go:39.2,39.26 1 1
github.com/wolflang/wolf/internal/parser/parser.go:43.46,45.2 1 0
github.com/wolflang/wolf/internal/parser/parser.go:49.45,51.32 2 1
github.com/wolflang/wolf/internal/parser/parser.go:51.32,53.3 1 1
github.com/wolflang/wolf/internal/parser/parser.go:54.2,56.52 2 0
github.com/wolflang/wolf/internal/parser/parser.go:56.52,57.33 1 0
github.com/wolflang/wolf/internal/parser/parser.go:57.33,59.4 1 0
github.com/wolflang/wolf/internal/parser/parser.go:59.9,62.4 2 0
github.com/wolflang/wolf/internal/parser/parser.go:63.3,63.33 1 0
github.com/wolflang/wolf/internal/parser/parser.go:63.33,65.4 1 0
github.com/wolflang/wolf/internal/parser/parser.go:67.2,68.15 2 0
github.com/wolflang/wolf/internal/parser/parser.go:71.45,72.23 1 1
github.com/wolflang/wolf/internal/parser/parser.go:74.24,75.27 1 1
github.com/wolflang/wolf/internal/parser/parser.go:77.25,78.28 1 1
github.com/wolflang/wolf/internal/parser/parser.go:80.29,81.32 1 0
github.com/wolflang/wolf/internal/parser/parser.go:83.24,84.27 1 0
github.com/wolflang/wolf/internal/parser/parser.go:86.23,87.26 1 1
github.com/wolflang/wolf/internal/parser/parser.go:89.22,90.25 1 1
github.com/wolflang/wolf/internal/parser/parser.go:92.23,93.26 1 1
github.com/wolflang/wolf/internal/parser/parser.go:95.27,96.30 1 1
github.com/wolflang/wolf/internal/parser/parser.go:98.25,99.28 1 1
github.com/wolflang/wolf/internal/parser/parser.go:101.25,102.28 1 1
github.com/wolflang/wolf/internal/parser/parser.go:104.26,105.29 1 1
github.com/wolflang/wolf/internal/parser/parser.go:107.23,108.31 1 1
github.com/wolflang/wolf/internal/parser/parser.go:110.29,111.32 1 1
github.com/wolflang/wolf/internal/parser/parser.go:113.25,114.30 1 1
github.com/wolflang/wolf/internal/parser/parser.go:116.32,117.37 1 0
github.com/wolflang/wolf/internal/parser/parser.go:119.28,120.33 1 0
github.com/wolflang/wolf/internal/parser/parser.go:122.28,123.31 1 1
github.com/wolflang/wolf/internal/parser/parser.go:125.25,126.28 1 0
github.com/wolflang/wolf/internal/parser/parser.go:128.28,130.40 1 1
github.com/wolflang/wolf/internal/parser/parser.go:132.10,133.33 1 1
github.com/wolflang/wolf/internal/parser/parser.go:139.44,145.32 4 1
github.com/wolflang/wolf/internal/parser/parser.go:145.32,147.3 1 1
github.com/wolflang/wolf/internal/parser/parser.go:149.2,149.37 1 1
github.com/wolflang/wolf/internal/parser/parser.go:149.37,151.3 1 0
github.com/wolflang/wolf/internal/parser/parser.go:153.2,158.32 4 1
github.com/wolflang/wolf/internal/parser/parser.go:158.32,160.3 1 1
github.com/wolflang/wolf/internal/parser/parser.go:163.2,163.36 1 1
github.com/wolflang/wolf/internal/parser/parser.go:163.36,174.3 3 1
github.com/wolflang/wolf/internal/parser/parser.go:176.2,185.3 2 1
github.com/wolflang/wolf/internal/parser/parser.go:188.44,190.34 2 1
github.com/wolflang/wolf/internal/parser/parser.go:190.34,192.3 1 1
github.com/wolflang/wolf/internal/parser/parser.go:193.2,195.51 2 1
github.com/wolflang/wolf/internal/parser/parser.go:195.51,198.35 3 1
github.com/wolflang/wolf/internal/parser/parser.go:198.35,200.4 1 1
github.com/wolflang/wolf/internal/parser/parser.go:203.2,204.15 2 1
github.com/wolflang/wolf/internal/parser/parser.go:207.38,212.74 2 1
github.com/wolflang/wolf/internal/parser/parser.go:212.75,218.3 0 0
github.com/wolflang/wolf/internal/parser/parser.go:220.2,221.39 2 1
github.com/wolflang/wolf/internal/parser/parser.go:221.39,223.3 1 1
github.com/wolflang/wolf/internal/parser/parser.go:223.8,227.3 3 0
github.com/wolflang/wolf/internal/parser/parser.go:229.2,230.32 2 1
github.com/wolflang/wolf/internal/parser/parser.go:230.32,232.33 2 0
github.com/wolflang/wolf/internal/parser/parser.go:232.33,234.4 1 0
github.com/wolflang/wolf/internal/parser/parser.go:237.2,238.33 2 1
github.com/wolflang/wolf/internal/parser/parser.go:238.33,241.3 2 1
github.com/wolflang/wolf/internal/parser/parser.go:243.2,248.3 1 1
github.com/wolflang/wolf/internal/parser/parser.go:251.52,256.33 4 1
github.com/wolflang/wolf/internal/parser/parser.go:256.33,258.52 2 1
github.com/wolflang/wolf/internal/parser/parser.go:258.52,259.64 1 1
github.com/wolflang/wolf/internal/parser/parser.go:259.64,261.5 1 1
github.com/wolflang/wolf/internal/parser/parser.go:261.10,264.5 2 0
github.com/wolflang/wolf/internal/parser/parser.go:265.4,265.36 1 1
github.com/wolflang/wolf/internal/parser/parser.go:265.36,267.5 1 1
github.com/wolflang/wolf/internal/parser/parser.go:269.3,269.66 1 1
github.com/wolflang/wolf/internal/parser/parser.go:270.8,270.39 1 0
github.com/wolflang/wolf/internal/parser/parser.go:270.39,272.3 1 0
github.com/wolflang/wolf/internal/parser/parser.go:274.2,274.49 1 1
github.com/wolflang/wolf/internal/parser/parser.go:279.44,284.32 4 0
github.com/wolflang/wolf/internal/parser/parser.go:284.32,286.3 1 0
github.com/wolflang/wolf/internal/parser/parser.go:286.8,288.3 1 0
github.com/wolflang/wolf/internal/parser/parser.go:290.2,290.23 1 0
github.com/wolflang/wolf/internal/parser/parser.go:290.23,292.3 1 0
github.com/wolflang/wolf/internal/parser/parser.go:294.2,297.51 3 0
github.com/wolflang/wolf/internal/parser/parser.go:297.51,298.33 1 0
github.com/wolflang/wolf/internal/parser/parser.go:298.33,300.4 1 0
github.com/wolflang/wolf/internal/parser/parser.go:300.9,303.4 2 0
github.com/wolflang/wolf/internal/parser/parser.go:304.3,304.33 1 0
github.com/wolflang/wolf/internal/parser/parser.go:304.33,306.4 1 0
github.com/wolflang/wolf/internal/parser/parser.go:309.2,315.3 2 0
github.com/wolflang/wolf/internal/parser/parser.go:320.46,325.32 4 1
github.com/wolflang/wolf/internal/parser/parser.go:325.32,327.3 1 1
github.com/wolflang/wolf/internal/parser/parser.go:327.8,329.3 1 0
github.com/wolflang/wolf/internal/parser/parser.go:331.2,331.23 1 1
github.com/wolflang/wolf/internal/parser/parser.go:331.23,333.3 1 0
github.com/wolflang/wolf/internal/parser/parser.go:335.2,338.65 3 1
github.com/wolflang/wolf/internal/parser/parser.go:338.65,340.33 2 0
github.com/wolflang/wolf/internal/parser/parser.go:340.33,342.4 1 0
github.com/wolflang/wolf/internal/parser/parser.go:342.9,344.4 1 0
github.com/wolflang/wolf/internal/parser/parser.go:348.2,349.37 2 1
github.com/wolflang/wolf/internal/parser/parser.go:349.37,351.7 2 0
github.com/wolflang/wolf/internal/parser/parser.go:351.7,352.34 1 0
github.com/wolflang/wolf/internal/parser/parser.go:352.34,354.5 1 0
github.com/wolflang/wolf/internal/parser/parser.go:354.10,356.5 1 0
github.com/wolflang/wolf/internal/parser/parser.go:357.4,357.34 1 0
github.com/wolflang/wolf/internal/parser/parser.go:357.34,359.5 1 0
github.com/wolflang/wolf/internal/parser/parser.go:359.10,360.10 1 0
github.com/wolflang/wolf/internal/parser/parser.go:365.2,377.51 6 1
github.com/wolflang/wolf/internal/parser/parser.go:377.51,379.131 2 1
github.com/wolflang/wolf/internal/parser/parser.go:379.131,381.4 1 0
github.com/wolflang/wolf/internal/parser/parser.go:383.3,383.32 1 1
github.com/wolflang/wolf/internal/parser/parser.go:383.32,386.4 2 1
github.com/wolflang/wolf/internal/parser/parser.go:386.9,386.47 1 1
github.com/wolflang/wolf/internal/parser/parser.go:386.47,389.4 2 1
github.com/wolflang/wolf/internal/parser/parser.go:389.9,392.4 2 0
github.com/wolflang/wolf/internal/parser/parser.go:396.2,408.3 3 1
github.com/wolflang/wolf/internal/parser/parser.go:413.54,418.32 4 0
github.com/wolflang/wolf/internal/parser/parser.go:418.32,420.3 1 0
github.com/wolflang/wolf/internal/parser/parser.go:420.8,422.3 1 0
github.com/wolflang/wolf/internal/parser/parser.go:424.2,424.23 1 0
github.com/wolflang/wolf/internal/parser/parser.go:424.23,426.3 1 0
github.com/wolflang/wolf/internal/parser/parser.go:428.2,431.51 3 0
github.com/wolflang/wolf/internal/parser/parser.go:431.51,432.32 1 0
github.com/wolflang/wolf/internal/parser/parser.go:432.32,435.4 2 0
github.com/wolflang/wolf/internal/parser/parser.go:435.9,438.4 2 0
github.com/wolflang/wolf/internal/parser/parser.go:441.2,447.3 2 0
github.com/wolflang/wolf/internal/parser/parser.go:451.58,456.32 4 0
github.com/wolflang/wolf/internal/parser/parser.go:456.32,458.3 1 0
github.com/wolflang/wolf/internal/parser/parser.go:458.8,460.3 1 0
github.com/wolflang/wolf/internal/parser/parser.go:462.2,465.32 3 0
github.com/wolflang/wolf/internal/parser/parser.go:465.32,467.3 1 0
github.com/wolflang/wolf/internal/parser/parser.go:469.2,474.3 1 0
github.com/wolflang/wolf/internal/parser/parser.go:477.69,482.32 4 1
github.com/wolflang/wolf/internal/parser/parser.go:482.32,484.33 2 1
github.com/wolflang/wolf/internal/parser/parser.go:484.33,486.4 1 1
github.com/wolflang/wolf/internal/parser/parser.go:489.2,490.33 2 1
github.com/wolflang/wolf/internal/parser/parser.go:490.33,493.3 2 1
github.com/wolflang/wolf/internal/parser/parser.go:495.2,501.3 1 1
github.com/wolflang/wolf/internal/parser/parser.go:506.42,511.39 4 1
github.com/wolflang/wolf/internal/parser/parser.go:511.39,513.3 1 1
github.com/wolflang/wolf/internal/parser/parser.go:513.8,515.3 1 0
github.com/wolflang/wolf/internal/parser/parser.go:517.2,518.32 2 1
github.com/wolflang/wolf/internal/parser/parser.go:518.32,520.33 2 1
github.com/wolflang/wolf/internal/parser/parser.go:520.33,522.4 1 1
github.com/wolflang/wolf/internal/parser/parser.go:524.3,524.36 1 1
github.com/wolflang/wolf/internal/parser/parser.go:524.36,527.34 3 0
github.com/wolflang/wolf/internal/parser/parser.go:527.34,529.5 1 0
github.com/wolflang/wolf/internal/parser/parser.go:533.2,534.33 2 1
github.com/wolflang/wolf/internal/parser/parser.go:534.33,537.3 2 1
github.com/wolflang/wolf/internal/parser/parser.go:539.2,544.3 1 1
github.com/wolflang/wolf/internal/parser/parser.go:549.40,559.32 7 1
github.com/wolflang/wolf/internal/parser/parser.go:559.32,561.30 2 1
github.com/wolflang/wolf/internal/parser/parser.go:561.30,571.4 5 1
github.com/wolflang/wolf/internal/parser/parser.go:571.9,573.9 2 1
github.com/wolflang/wolf/internal/parser/parser.go:577.2,583.3 1 1
github.com/wolflang/wolf/internal/parser/parser.go:588.42,609.2 9 1
github.com/wolflang/wolf/internal/parser/parser.go:613.50,622.39 6 1
github.com/wolflang/wolf/internal/parser/parser.go:622.39,624.3 1 1
github.com/wolflang/wolf/internal/parser/parser.go:624.8,626.3 1 0
github.com/wolflang/wolf/internal/parser/parser.go:628.2,631.36 3 1
github.com/wolflang/wolf/internal/parser/parser.go:631.36,634.40 3 1
github.com/wolflang/wolf/internal/parser/parser.go:634.40,636.4 1 1
github.com/wolflang/wolf/internal/parser/parser.go:636.9,638.4 1 0
github.com/wolflang/wolf/internal/parser/parser.go:641.2,649.3 2 1
github.com/wolflang/wolf/internal/parser/parser.go:654.46,666.2 5 1
github.com/wolflang/wolf/internal/parser/parser.go:670.46,678.51 6 1
github.com/wolflang/wolf/internal/parser/parser.go:678.51,681.3 2 1
github.com/wolflang/wolf/internal/parser/parser.go:683.2,689.3 2 1
github.com/wolflang/wolf/internal/parser/parser.go:692.44,697.59 3 1
github.com/wolflang/wolf/internal/parser/parser.go:697.59,700.3 2 1
github.com/wolflang/wolf/internal/parser/parser.go:700.8,702.3 1 1
github.com/wolflang/wolf/internal/parser/parser.go:704.2,708.33 3 1
github.com/wolflang/wolf/internal/parser/parser.go:708.33,711.3 2 0
github.com/wolflang/wolf/internal/parser/parser.go:711.8,714.3 2 1
github.com/wolflang/wolf/internal/parser/parser.go:716.2,720.3 1 1
github.com/wolflang/wolf/internal/parser/parser.go:725.48,730.63 4 1
github.com/wolflang/wolf/internal/parser/parser.go:730.63,733.34 2 1
github.com/wolflang/wolf/internal/parser/parser.go:733.34,736.4 2 1
github.com/wolflang/wolf/internal/parser/parser.go:739.2,742.3 1 1
github.com/wolflang/wolf/internal/parser/parser.go:747.52,756.33 6 1
github.com/wolflang/wolf/internal/parser/parser.go:756.33,758.40 2 1
github.com/wolflang/wolf/internal/parser/parser.go:758.40,760.4 1 1
github.com/wolflang/wolf/internal/parser/parser.go:761.3,761.68 1 1
github.com/wolflang/wolf/internal/parser/parser.go:764.2,771.3 2 1
github.com/wolflang/wolf/internal/parser/parser.go:776.54,781.32 4 1
github.com/wolflang/wolf/internal/parser/parser.go:781.32,783.3 1 1
github.com/wolflang/wolf/internal/parser/parser.go:783.8,785.3 1 0
github.com/wolflang/wolf/internal/parser/parser.go:787.2,787.36 1 1
github.com/wolflang/wolf/internal/parser/parser.go:787.36,789.3 1 1
github.com/wolflang/wolf/internal/parser/parser.go:791.2,792.46 2 1
github.com/wolflang/wolf/internal/parser/parser.go:797.50,804.63 4 1
github.com/wolflang/wolf/internal/parser/parser.go:804.63,806.34 2 0
github.com/wolflang/wolf/internal/parser/parser.go:806.34,810.4 3 0
github.com/wolflang/wolf/internal/parser/parser.go:813.2,813.32 1 1
github.com/wolflang/wolf/internal/parser/parser.go:813.32,816.3 2 0
github.com/wolflang/wolf/internal/parser/parser.go:819.2,819.33 1 1
github.com/wolflang/wolf/internal/parser/parser.go:819.33,821.52 2 0
github.com/wolflang/wolf/internal/parser/parser.go:821.52,822.34 1 0
github.com/wolflang/wolf/internal/parser/parser.go:822.34,826.22 4 0
github.com/wolflang/wolf/internal/parser/parser.go:826.22,828.6 1 0
github.com/wolflang/wolf/internal/parser/parser.go:828.11,828.30 1 0
github.com/wolflang/wolf/internal/parser/parser.go:828.30,830.6 1 0
github.com/wolflang/wolf/internal/parser/parser.go:832.4,832.34 1 0
github.com/wolflang/wolf/internal/parser/parser.go:832.34,834.5 1 0
github.com/wolflang/wolf/internal/parser/parser.go:836.3,836.65 1 0
github.com/wolflang/wolf/internal/parser/parser.go:840.2,843.11 3 1
github.com/wolflang/wolf/internal/parser/parser.go:847.43,850.32 3 1
github.com/wolflang/wolf/internal/parser/parser.go:850.32,852.37 2 1
github.com/wolflang/wolf/internal/parser/parser.go:852.37,854.4 1 0
github.com/wolflang/wolf/internal/parser/parser.go:855.3,855.37 1 1
github.com/wolflang/wolf/internal/parser/parser.go:855.37,857.18 2 1
github.com/wolflang/wolf/internal/parser/parser.go:857.18,858.10 1 1
github.com/wolflang/wolf/internal/parser/parser.go:861.3,861.27 1 1
github.com/wolflang/wolf/internal/parser/parser.go:863.2,863.12 1 1
github.com/wolflang/wolf/internal/parser/parser.go:866.51,869.53 3 0
github.com/wolflang/wolf/internal/parser/parser.go:869.53,870.40 1 0
github.com/wolflang/wolf/internal/parser/parser.go:870.40,872.4 1 0
github.com/wolflang/wolf/internal/parser/parser.go:872.9,874.4 1 0
github.com/wolflang/wolf/internal/parser/parser.go:875.3,875.33 1 0
github.com/wolflang/wolf/internal/parser/parser.go:875.33,877.4 1 0
github.com/wolflang/wolf/internal/parser/parser.go:879.2,880.13 2 0
github.com/wolflang/wolf/internal/parser/parser.go:885.64,891.33 4 0
github.com/wolflang/wolf/internal/parser/parser.go:891.33,893.52 2 0
github.com/wolflang/wolf/internal/parser/parser.go:893.52,894.34 1 0
github.com/wolflang/wolf/internal/parser/parser.go:894.34,898.26 3 0
github.com/wolflang/wolf/internal/parser/parser.go:898.26,899.37 1 0
github.com/wolflang/wolf/internal/parser/parser.go:899.37,901.7 1 0
github.com/wolflang/wolf/internal/parser/parser.go:901.12,904.7 2 0
github.com/wolflang/wolf/internal/parser/parser.go:905.11,905.32 1 0
github.com/wolflang/wolf/internal/parser/parser.go:905.32,906.37 1 0
github.com/wolflang/wolf/internal/parser/parser.go:906.37,908.7 1 0
github.com/wolflang/wolf/internal/parser/parser.go:908.12,911.7 2 0
github.com/wolflang/wolf/internal/parser/parser.go:912.11,912.28 1 0
github.com/wolflang/wolf/internal/parser/parser.go:912.28,913.34 1 0
github.com/wolflang/wolf/internal/parser/parser.go:913.34,915.7 1 0
github.com/wolflang/wolf/internal/parser/parser.go:915.12,918.7 2 0
github.com/wolflang/wolf/internal/parser/parser.go:919.11,921.6 1 0
github.com/wolflang/wolf/internal/parser/parser.go:922.10,924.5 1 0
github.com/wolflang/wolf/internal/parser/parser.go:925.4,925.34 1 0
github.com/wolflang/wolf/internal/parser/parser.go:925.34,927.5 1 0
github.com/wolflang/wolf/internal/parser/parser.go:929.3,929.71 1 0
github.com/wolflang/wolf/internal/parser/parser.go:932.2,933.12 2 0
github.com/wolflang/wolf/internal/parser/parser.go:938.46,944.9 5 0
github.com/wolflang/wolf/internal/parser/parser.go:944.9,948.3 2 0
github.com/wolflang/wolf/internal/parser/parser.go:950.2,953.3 1 0
github.com/wolflang/wolf/internal/parser/parser.go:958.56,964.33 4 0
github.com/wolflang/wolf/internal/parser/parser.go:964.33,968.3 3 0
github.com/wolflang/wolf/internal/parser/parser.go:970.2,971.14 2 0
github.com/wolflang/wolf/internal/parser/parser.go:976.52,981.2 4 1
github.com/wolflang/wolf/internal/parser/parser.go:985.57,989.29 2 1
github.com/wolflang/wolf/internal/parser/parser.go:989.29,991.3 1 1
github.com/wolflang/wolf/internal/parser/parser.go:993.2,993.32 1 0
github.com/wolflang/wolf/internal/parser/parser.go:996.45,1000.36 2 1
github.com/wolflang/wolf/internal/parser/parser.go:1000.36,1002.3 1 0
github.com/wolflang/wolf/internal/parser/parser.go:1003.2,1006.32 2 1
github.com/wolflang/wolf/internal/parser/parser.go:1006.32,1008.39 2 1
github.com/wolflang/wolf/internal/parser/parser.go:1008.39,1011.83 2 1
github.com/wolflang/wolf/internal/parser/parser.go:1011.83,1014.5 2 1
github.com/wolflang/wolf/internal/parser/parser.go:1015.4,1016.16 2 0
github.com/wolflang/wolf/internal/parser/parser.go:1018.3,1018.76 1 1
github.com/wolflang/wolf/internal/parser/parser.go:1018.76,1020.12 2 1
github.com/wolflang/wolf/internal/parser/parser.go:1022.3,1022.8 1 0
github.com/wolflang/wolf/internal/parser/parser.go:1025.2,1026.14 2 0
github.com/wolflang/wolf/internal/parser/parser.go:1029.80,1032.53 3 1
github.com/wolflang/wolf/internal/parser/parser.go:1032.53,1033.40 1 1
github.com/wolflang/wolf/internal/parser/parser.go:1033.40,1035.4 1 1
github.com/wolflang/wolf/internal/parser/parser.go:1036.3,1036.33 1 1
github.com/wolflang/wolf/internal/parser/parser.go:1036.33,1038.4 1 1
github.com/wolflang/wolf/internal/parser/parser.go:1040.2,1048.3 4 1
github.com/wolflang/wolf/internal/parser/parser.go:1053.56,1058.20 3 1
github.com/wolflang/wolf/internal/parser/parser.go:1058.20,1065.3 3 1
github.com/wolflang/wolf/internal/parser/parser.go:1067.2,1067.47 1 1
github.com/wolflang/wolf/internal/parser/parser.go:1070.36,1077.2 2 1
github.com/wolflang/wolf/internal/parser/parser.go:1081.52,1085.20 3 1
github.com/wolflang/wolf/internal/parser/parser.go:1085.20,1094.3 3 1
github.com/wolflang/wolf/internal/parser/parser.go:1096.2,1096.47 1 1
github.com/wolflang/wolf/internal/parser/parser.go:1101.42,1106.51 4 1
github.com/wolflang/wolf/internal/parser/parser.go:1106.51,1108.18 2 1
github.com/wolflang/wolf/internal/parser/parser.go:1108.18,1110.4 1 1
github.com/wolflang/wolf/internal/parser/parser.go:1113.2,1115.49 2 1
github.com/wolflang/wolf/internal/parser/parser.go:1132.47,1134.2 1 1
github.com/wolflang/wolf/internal/parser/parser.go:1136.39,1138.30 2 1
github.com/wolflang/wolf/internal/parser/parser.go:1138.30,1143.3 4 0
github.com/wolflang/wolf/internal/parser/parser.go:1144.2,1144.13 1 1
github.com/wolflang/wolf/internal/parser/parser.go:1147.40,1149.31 2 1
github.com/wolflang/wolf/internal/parser/parser.go:1149.31,1154.3 4 1
github.com/wolflang/wolf/internal/parser/parser.go:1155.2,1155.13 1 1
github.com/wolflang/wolf/internal/parser/parser.go:1158.45,1160.67 2 1
github.com/wolflang/wolf/internal/parser/parser.go:1160.67,1165.3 4 0
github.com/wolflang/wolf/internal/parser/parser.go:1166.2,1166.13 1 1
github.com/wolflang/wolf/internal/parser/parser.go:1169.47,1172.70 2 1
github.com/wolflang/wolf/internal/parser/parser.go:1172.70,1177.3 4 1
github.com/wolflang/wolf/internal/parser/parser.go:1178.2,1178.13 1 1
github.com/wolflang/wolf/internal/parser/parser.go:1181.43,1183.35 2 1
github.com/wolflang/wolf/internal/parser/parser.go:1183.35,1188.3 4 0
github.com/wolflang/wolf/internal/parser/parser.go:1189.2,1189.13 1 1
github.com/wolflang/wolf/internal/parser/parser.go:1192.45,1194.62 2 1
github.com/wolflang/wolf/internal/parser/parser.go:1194.62,1199.3 4 1
github.com/wolflang/wolf/internal/parser/parser.go:1200.2,1200.13 1 1
github.com/wolflang/wolf/internal/parser/parser.go:1203.51,1205.93 2 1
github.com/wolflang/wolf/internal/parser/parser.go:1205.93,1210.3 4 1
github.com/wolflang/wolf/internal/parser/parser.go:1211.2,1211.13 1 1
github.com/wolflang/wolf/internal/parser/parser.go:1214.42,1215.60 1 1
github.com/wolflang/wolf/internal/parser/parser.go:1215.60,1220.3 4 1
github.com/wolflang/wolf/internal/parser/parser.go:1221.2,1221.25 1 1
github.com/wolflang/wolf/internal/parser/parser.go:1224.44,1228.70 2 1
github.com/wolflang/wolf/internal/parser/parser.go:1228.70,1232.3 3 1
github.com/wolflang/wolf/internal/parser/parser.go:1234.2,1234.13 1 1
github.com/wolflang/wolf/internal/parser/parser.go:1237.50,1240.6 2 1
github.com/wolflang/wolf/internal/parser/parser.go:1240.6,1241.34 1 1
github.com/wolflang/wolf/internal/parser/parser.go:1241.34,1244.4 1 1
github.com/wolflang/wolf/internal/parser/parser.go:1244.9,1244.40 1 1
github.com/wolflang/wolf/internal/parser/parser.go:1244.40,1249.34 4 1
github.com/wolflang/wolf/internal/parser/parser.go:1249.34,1251.5 1 1
github.com/wolflang/wolf/internal/parser/parser.go:1251.10,1251.33 1 0
github.com/wolflang/wolf/internal/parser/parser.go:1251.33,1254.5 1 0
github.com/wolflang/wolf/internal/parser/parser.go:1254.10,1256.5 1 0
github.com/wolflang/wolf/internal/parser/parser.go:1258.4,1258.35 1 1
github.com/wolflang/wolf/internal/parser/parser.go:1258.35,1267.5 2 1
github.com/wolflang/wolf/internal/parser/parser.go:1267.10,1273.5 1 1
github.com/wolflang/wolf/internal/parser/parser.go:1274.9,1274.38 1 1
github.com/wolflang/wolf/internal/parser/parser.go:1274.38,1279.34 4 0
github.com/wolflang/wolf/internal/parser/parser.go:1279.34,1281.5 1 0
github.com/wolflang/wolf/internal/parser/parser.go:1281.10,1283.5 1 0
github.com/wolflang/wolf/internal/parser/parser.go:1285.4,1285.35 1 0
github.com/wolflang/wolf/internal/parser/parser.go:1285.35,1290.44 3 0
github.com/wolflang/wolf/internal/parser/parser.go:1290.44,1292.6 1 0
github.com/wolflang/wolf/internal/parser/parser.go:1293.5,1298.6 1 0
github.com/wolflang/wolf/internal/parser/parser.go:1299.10,1306.5 1 0
github.com/wolflang/wolf/internal/parser/parser.go:1307.9,1307.47 1 1
github.com/wolflang/wolf/internal/parser/parser.go:1307.47,1312.34 4 0
github.com/wolflang/wolf/internal/parser/parser.go:1312.34,1314.5 1 0
github.com/wolflang/wolf/internal/parser/parser.go:1316.4,1317.43 2 0
github.com/wolflang/wolf/internal/parser/parser.go:1317.43,1319.5 1 0
github.com/wolflang/wolf/internal/parser/parser.go:1322.4,1322.35 1 0
github.com/wolflang/wolf/internal/parser/parser.go:1322.35,1330.5 2 0
github.com/wolflang/wolf/internal/parser/parser.go:1330.10,1337.5 1 0
github.com/wolflang/wolf/internal/parser/parser.go:1338.9,1338.43 1 1
github.com/wolflang/wolf/internal/parser/parser.go:1338.43,1345.4 5 1
github.com/wolflang/wolf/internal/parser/parser.go:1345.9,1346.9 1 1
github.com/wolflang/wolf/internal/parser/parser.go:1350.2,1350.13 1 1
github.com/wolflang/wolf/internal/parser/parser.go:1353.61,1362.2 3 1
github.com/wolflang/wolf/internal/parser/parser.go:1364.62,1369.51 4 1
github.com/wolflang/wolf/internal/parser/parser.go:1369.51,1371.75 1 1
github.com/wolflang/wolf/internal/parser/parser.go:1371.75,1377.4 5 1
github.com/wolflang/wolf/internal/parser/parser.go:1377.9,1379.4 1 1
github.com/wolflang/wolf/internal/parser/parser.go:1381.3,1381.35 1 1
github.com/wolflang/wolf/internal/parser/parser.go:1381.35,1383.4 1 1
github.com/wolflang/wolf/internal/parser/parser.go:1386.2,1387.24 2 1
github.com/wolflang/wolf/internal/parser/parser.go:1390.46,1393.2 2 1
github.com/wolflang/wolf/internal/parser/parser.go:1397.44,1400.23 2 1
github.com/wolflang/wolf/internal/parser/parser.go:1402.32,1404.52 2 1
github.com/wolflang/wolf/internal/parser/parser.go:1406.23,1408.52 2 1
github.com/wolflang/wolf/internal/parser/parser.go:1410.25,1412.54 2 1
github.com/wolflang/wolf/internal/parser/parser.go:1414.26,1416.55 2 1
github.com/wolflang/wolf/internal/parser/parser.go:1418.39,1419.37 1 1
github.com/wolflang/wolf/internal/parser/parser.go:1421.29,1423.46 2 1
github.com/wolflang/wolf/internal/parser/parser.go:1425.30,1427.47 2 1
github.com/wolflang/wolf/internal/parser/parser.go:1429.23,1431.32 2 1
github.com/wolflang/wolf/internal/parser/parser.go:1433.28,1434.31 1 1
github.com/wolflang/wolf/internal/parser/parser.go:1436.26,1437.29 1 1
github.com/wolflang/wolf/internal/parser/parser.go:1439.26,1443.14 4 0
github.com/wolflang/wolf/internal/parser/parser.go:1445.23,1446.26 1 1
github.com/wolflang/wolf/internal/parser/parser.go:1448.24,1449.30 1 1
github.com/wolflang/wolf/internal/parser/parser.go:1451.25,1452.28 1 1
github.com/wolflang/wolf/internal/parser/parser.go:1454.25,1455.28 1 1
github.com/wolflang/wolf/internal/parser/parser.go:1457.27,1458.30 1 1
github.com/wolflang/wolf/internal/parser/parser.go:1460.24,1461.27 1 1
github.com/wolflang/wolf/internal/parser/parser.go:1463.27,1464.30 1 1
github.com/wolflang/wolf/internal/parser/parser.go:1466.25,1467.28 1 1
github.com/wolflang/wolf/internal/parser/parser.go:1469.25,1470.28 1 1
github.com/wolflang/wolf/internal/parser/parser.go:1472.25,1475.25 2 1
github.com/wolflang/wolf/internal/parser/parser.go:1475.25,1477.4 1 0
github.com/wolflang/wolf/internal/parser/parser.go:1478.3,1478.51 1 1
github.com/wolflang/wolf/internal/parser/parser.go:1480.10,1483.32 3 1
github.com/wolflang/wolf/internal/parser/parser.go:1489.55,1495.62 4 1
github.com/wolflang/wolf/internal/parser/parser.go:1495.62,1496.24 1 1
github.com/wolflang/wolf/internal/parser/parser.go:1497.40,1499.76 2 1
github.com/wolflang/wolf/internal/parser/parser.go:1501.34,1506.71 4 1
github.com/wolflang/wolf/internal/parser/parser.go:1508.34,1512.82 4 0
github.com/wolflang/wolf/internal/parser/parser.go:1514.11,1516.15 1 0
github.com/wolflang/wolf/internal/parser/parser.go:1520.2,1522.53 2 1
github.com/wolflang/wolf/internal/parser/parser.go:1527.49,1532.53 4 1
github.com/wolflang/wolf/internal/parser/parser.go:1532.53,1534.37 2 1
github.com/wolflang/wolf/internal/parser/parser.go:1534.37,1536.4 1 1
github.com/wolflang/wolf/internal/parser/parser.go:1539.2,1540.53 2 1
github.com/wolflang/wolf/internal/parser/parser.go:1545.47,1550.51 4 1
github.com/wolflang/wolf/internal/parser/parser.go:1550.51,1556.35 6 1
github.com/wolflang/wolf/internal/parser/parser.go:1556.35,1558.4 1 1
github.com/wolflang/wolf/internal/parser/parser.go:1561.2,1562.59 2 1
github.com/wolflang/wolf/internal/parser/parser.go:1567.44,1572.22 4 1
github.com/wolflang/wolf/internal/parser/parser.go:1572.22,1574.3 1 0
github.com/wolflang/wolf/internal/parser/parser.go:1576.2,1581.47 3 1
github.com/wolflang/wolf/internal/parser/parser.go:1581.47,1585.3 2 1
github.com/wolflang/wolf/internal/parser/parser.go:1585.8,1585.40 1 0
github.com/wolflang/wolf/internal/parser/parser.go:1585.40,1587.3 1 0
github.com/wolflang/wolf/internal/parser/parser.go:1589.2,1589.82 1 1
github.com/wolflang/wolf/internal/parser/parser.go:1594.48,1601.36 4 1
github.com/wolflang/wolf/internal/parser/parser.go:1601.36,1605.3 3 0
github.com/wolflang/wolf/internal/parser/parser.go:1607.2,1608.60 2 1
github.com/wolflang/wolf/internal/parser/parser.go:1613.46,1618.2 4 1
github.com/wolflang/wolf/internal/parser/parser.go:1622.46,1627.2 4 1
github.com/wolflang/wolf/internal/parser/parser.go:1631.48,1636.33 4 1
github.com/wolflang/wolf/internal/parser/parser.go:1636.33,1638.33 2 1
github.com/wolflang/wolf/internal/parser/parser.go:1638.33,1640.4 1 1
github.com/wolflang/wolf/internal/parser/parser.go:1641.3,1641.66 1 1
github.com/wolflang/wolf/internal/parser/parser.go:1644.2,1644.52 1 1
github.com/wolflang/wolf/internal/parser/parser.go:1649.45,1658.2 8 1
github.com/wolflang/wolf/internal/parser/parser.go:1662.48,1669.2 6 1
github.com/wolflang/wolf/internal/parser/parser.go:1673.46,1680.2 6 1
github.com/wolflang/wolf/internal/parser/parser.go:1684.46,1691.2 6 1
github.com/wolflang/wolf/internal/parser/parser.go:1695.37,1696.32 1 1
github.com/wolflang/wolf/internal/parser/parser.go:1696.32,1698.3 1 0
github.com/wolflang/wolf/internal/parser/parser.go:1699.2,1699.28 1 1
github.com/wolflang/wolf/internal/parser/parser.go:1702.41,1704.27 2 1
github.com/wolflang/wolf/internal/parser/parser.go:1704.27,1706.3 1 0
github.com/wolflang/wolf/internal/parser/parser.go:1707.2,1707.23 1 1
github.com/wolflang/wolf/internal/parser/parser.go:1710.40,1712.18 2 1
github.com/wolflang/wolf/internal/parser/parser.go:1712.18,1714.3 1 1
github.com/wolflang/wolf/internal/parser/parser.go:1715.2,1715.12 1 1
github.com/wolflang/wolf/internal/parser/parser.go:1718.48,1720.2 1 1
github.com/wolflang/wolf/internal/parser/parser.go:1722.68,1723.16 1 1
github.com/wolflang/wolf/internal/parser/parser.go:1723.16,1725.3 1 1
github.com/wolflang/wolf/internal/parser/parser.go:1726.2,1727.17 2 1
github.com/wolflang/wolf/internal/parser/parser.go:1730.33,1732.2 1 1
github.com/wolflang/wolf/internal/parser/parser.go:1737.40,1738.23 1 0
github.com/wolflang/wolf/internal/parser/parser.go:1741.61,1742.14 1 0
github.com/wolflang/wolf/internal/parser/parser.go:1744.2,1744.14 1 0
github.com/wolflang/wolf/internal/parser/parser.go:1747.46,1749.2 1 1
github.com/wolflang/wolf/internal/parser/parser.go:1751.39,1758.2 2 1
github.com/wolflang/wolf/internal/compiler/autodiscovery.go:15.80,24.20 5 1
github.com/wolflang/wolf/internal/compiler/autodiscovery.go:24.20,26.45 2 0
github.com/wolflang/wolf/internal/compiler/autodiscovery.go:26.45,28.4 1 0
github.com/wolflang/wolf/internal/compiler/autodiscovery.go:31.2,31.33 1 1
github.com/wolflang/wolf/internal/compiler/autodiscovery.go:31.33,34.3 2 1
github.com/wolflang/wolf/internal/compiler/autodiscovery.go:36.2,36.37 1 1
github.com/wolflang/wolf/internal/compiler/autodiscovery.go:36.37,37.54 1 1
github.com/wolflang/wolf/internal/compiler/autodiscovery.go:37.54,38.12 1 1
github.com/wolflang/wolf/internal/compiler/autodiscovery.go:41.3,41.87 1 0
github.com/wolflang/wolf/internal/compiler/autodiscovery.go:41.87,42.18 1 0
github.com/wolflang/wolf/internal/compiler/autodiscovery.go:42.18,44.5 1 0
github.com/wolflang/wolf/internal/compiler/autodiscovery.go:45.4,45.64 1 0
github.com/wolflang/wolf/internal/compiler/autodiscovery.go:45.64,46.18 1 0
github.com/wolflang/wolf/internal/compiler/autodiscovery.go:46.18,48.6 1 0
github.com/wolflang/wolf/internal/compiler/autodiscovery.go:50.5,51.23 2 0
github.com/wolflang/wolf/internal/compiler/autodiscovery.go:51.23,53.6 1 0
github.com/wolflang/wolf/internal/compiler/autodiscovery.go:56.5,58.25 3 0
github.com/wolflang/wolf/internal/compiler/autodiscovery.go:58.25,60.6 1 0
github.com/wolflang/wolf/internal/compiler/autodiscovery.go:63.5,65.27 3 0
github.com/wolflang/wolf/internal/compiler/autodiscovery.go:65.27,67.6 1 0
github.com/wolflang/wolf/internal/compiler/autodiscovery.go:69.5,69.33 1 0
github.com/wolflang/wolf/internal/compiler/autodiscovery.go:71.4,71.14 1 0
github.com/wolflang/wolf/internal/compiler/autodiscovery.go:74.3,74.17 1 0
github.com/wolflang/wolf/internal/compiler/autodiscovery.go:74.17,76.4 1 0
github.com/wolflang/wolf/internal/compiler/autodiscovery.go:79.2,79.18 1 1
github.com/wolflang/wolf/internal/compiler/compiler.go:33.22,37.2 1 1
github.com/wolflang/wolf/internal/compiler/compiler.go:42.59,44.16 2 0
github.com/wolflang/wolf/internal/compiler/compiler.go:44.16,46.3 1 0
github.com/wolflang/wolf/internal/compiler/compiler.go:47.2,51.8 1 0
github.com/wolflang/wolf/internal/compiler/compiler.go:62.77,69.24 5 1
github.com/wolflang/wolf/internal/compiler/compiler.go:69.24,70.31 1 1
github.com/wolflang/wolf/internal/compiler/compiler.go:70.31,72.4 1 1
github.com/wolflang/wolf/internal/compiler/compiler.go:73.3,73.77 1 1
github.com/wolflang/wolf/internal/compiler/compiler.go:76.2,82.26 6 1
github.com/wolflang/wolf/internal/compiler/compiler.go:82.26,83.33 1 1
github.com/wolflang/wolf/internal/compiler/compiler.go:83.33,85.4 1 1
github.com/wolflang/wolf/internal/compiler/compiler.go:86.3,86.80 1 1
github.com/wolflang/wolf/internal/compiler/compiler.go:89.2,93.16 4 1
github.com/wolflang/wolf/internal/compiler/compiler.go:93.16,96.3 2 0
github.com/wolflang/wolf/internal/compiler/compiler.go:98.2,99.37 2 1
github.com/wolflang/wolf/internal/compiler/compiler.go:99.37,101.3 1 0
github.com/wolflang/wolf/internal/compiler/compiler.go:104.2,109.25 4 1
github.com/wolflang/wolf/internal/compiler/compiler.go:109.25,111.3 1 1
github.com/wolflang/wolf/internal/compiler/compiler.go:114.2,115.24 2 1
github.com/wolflang/wolf/internal/compiler/compiler.go:115.24,117.3 1 1
github.com/wolflang/wolf/internal/compiler/compiler.go:119.2,124.28 5 1
github.com/wolflang/wolf/internal/compiler/compiler.go:124.28,125.35 1 0
github.com/wolflang/wolf/internal/compiler/compiler.go:125.35,127.4 1 0
github.com/wolflang/wolf/internal/compiler/compiler.go:128.3,128.84 1 0
github.com/wolflang/wolf/internal/compiler/compiler.go:131.2,137.31 6 1
github.com/wolflang/wolf/internal/compiler/compiler.go:137.31,138.18 1 1
github.com/wolflang/wolf/internal/compiler/compiler.go:138.18,140.4 1 0
github.com/wolflang/wolf/internal/compiler/compiler.go:140.9,143.4 2 1
github.com/wolflang/wolf/internal/compiler/compiler.go:145.2,145.29 1 1
github.com/wolflang/wolf/internal/compiler/compiler.go:145.29,147.3 1 1
github.com/wolflang/wolf/internal/compiler/compiler.go:149.2,157.21 6 1
github.com/wolflang/wolf/internal/compiler/compiler.go:157.21,159.3 1 0
github.com/wolflang/wolf/internal/compiler/compiler.go:160.2,165.20 5 1
github.com/wolflang/wolf/internal/compiler/compiler.go:169.75,172.16 3 0
github.com/wolflang/wolf/internal/compiler/compiler.go:172.16,174.3 1 0
github.com/wolflang/wolf/internal/compiler/compiler.go:176.2,178.16 3 0
github.com/wolflang/wolf/internal/compiler/compiler.go:178.16,180.3 1 0
github.com/wolflang/wolf/internal/compiler/compiler.go:182.2,182.50 1 0
github.com/wolflang/wolf/internal/compiler/compiler.go:182.50,184.3 1 0
github.com/wolflang/wolf/internal/compiler/compiler.go:186.2,189.15 3 0
github.com/wolflang/wolf/internal/compiler/compiler.go:189.15,191.22 2 0
github.com/wolflang/wolf/internal/compiler/compiler.go:191.22,194.4 1 0
github.com/wolflang/wolf/internal/compiler/compiler.go:198.2,199.78 2 0
github.com/wolflang/wolf/internal/compiler/compiler.go:199.78,201.3 1 0
github.com/wolflang/wolf/internal/compiler/compiler.go:203.2,203.15 1 0
github.com/wolflang/wolf/internal/compiler/compiler.go:203.15,205.3 1 0
github.com/wolflang/wolf/internal/compiler/compiler.go:211.2,212.16 2 0
github.com/wolflang/wolf/internal/compiler/compiler.go:212.16,214.3 1 0
github.com/wolflang/wolf/internal/compiler/compiler.go:215.2,225.14 6 0
github.com/wolflang/wolf/internal/compiler/compiler.go:225.14,228.54 3 0
github.com/wolflang/wolf/internal/compiler/compiler.go:228.54,230.17 2 0
github.com/wolflang/wolf/internal/compiler/compiler.go:230.17,232.5 1 0
github.com/wolflang/wolf/internal/compiler/compiler.go:233.9,235.17 2 0
github.com/wolflang/wolf/internal/compiler/compiler.go:235.17,237.5 1 0
github.com/wolflang/wolf/internal/compiler/compiler.go:239.3,239.34 1 0
github.com/wolflang/wolf/internal/compiler/compiler.go:242.2,244.29 2 0
github.com/wolflang/wolf/internal/compiler/compiler.go:244.29,247.56 3 0
github.com/wolflang/wolf/internal/compiler/compiler.go:247.56,249.17 2 0
github.com/wolflang/wolf/internal/compiler/compiler.go:249.17,251.5 1 0
github.com/wolflang/wolf/internal/compiler/compiler.go:252.9,254.17 2 0
github.com/wolflang/wolf/internal/compiler/compiler.go:254.17,256.5 1 0
github.com/wolflang/wolf/internal/compiler/compiler.go:261.2,261.15 1 0
github.com/wolflang/wolf/internal/compiler/compiler.go:261.15,265.59 4 0
github.com/wolflang/wolf/internal/compiler/compiler.go:265.59,267.58 2 0
github.com/wolflang/wolf/internal/compiler/compiler.go:267.58,269.5 1 0
github.com/wolflang/wolf/internal/compiler/compiler.go:269.10,271.5 1 0
github.com/wolflang/wolf/internal/compiler/compiler.go:272.9,274.4 1 0
github.com/wolflang/wolf/internal/compiler/compiler.go:277.2,277.15 1 0
github.com/wolflang/wolf/internal/compiler/compiler.go:277.15,279.3 1 0
github.com/wolflang/wolf/internal/compiler/compiler.go:281.2,290.49 6 0
github.com/wolflang/wolf/internal/compiler/compiler.go:290.49,292.3 1 0
github.com/wolflang/wolf/internal/compiler/compiler.go:294.2,294.23 1 0
github.com/wolflang/wolf/internal/compiler/compiler.go:294.23,296.124 2 0
github.com/wolflang/wolf/internal/compiler/compiler.go:296.124,297.59 1 0
github.com/wolflang/wolf/internal/compiler/compiler.go:297.59,298.72 1 0
github.com/wolflang/wolf/internal/compiler/compiler.go:298.72,300.6 1 0
github.com/wolflang/wolf/internal/compiler/compiler.go:301.5,301.70 1 0
github.com/wolflang/wolf/internal/compiler/compiler.go:301.70,303.6 1 0
github.com/wolflang/wolf/internal/compiler/compiler.go:304.5,304.10 1 0
github.com/wolflang/wolf/internal/compiler/compiler.go:307.8,307.33 1 0
github.com/wolflang/wolf/internal/compiler/compiler.go:307.33,309.58 2 0
github.com/wolflang/wolf/internal/compiler/compiler.go:309.58,310.75 1 0
github.com/wolflang/wolf/internal/compiler/compiler.go:310.75,312.5 1 0
github.com/wolflang/wolf/internal/compiler/compiler.go:313.4,313.71 1 0
github.com/wolflang/wolf/internal/compiler/compiler.go:313.71,315.5 1 0
github.com/wolflang/wolf/internal/compiler/compiler.go:317.8,317.30 1 0
github.com/wolflang/wolf/internal/compiler/compiler.go:317.30,321.3 2 0
github.com/wolflang/wolf/internal/compiler/compiler.go:324.2,331.58 4 0
github.com/wolflang/wolf/internal/compiler/compiler.go:331.58,333.3 1 0
github.com/wolflang/wolf/internal/compiler/compiler.go:333.8,333.37 1 0
github.com/wolflang/wolf/internal/compiler/compiler.go:333.37,335.3 1 0
github.com/wolflang/wolf/internal/compiler/compiler.go:337.2,338.23 2 0
github.com/wolflang/wolf/internal/compiler/compiler.go:338.23,339.79 1 0
github.com/wolflang/wolf/internal/compiler/compiler.go:339.79,341.4 1 0
github.com/wolflang/wolf/internal/compiler/compiler.go:344.2,348.19 3 0
github.com/wolflang/wolf/internal/compiler/compiler.go:348.19,350.3 1 0
github.com/wolflang/wolf/internal/compiler/compiler.go:351.2,351.22 1 0
github.com/wolflang/wolf/internal/compiler/compiler.go:351.22,353.3 1 0
github.com/wolflang/wolf/internal/compiler/compiler.go:355.2,358.15 3 0
github.com/wolflang/wolf/internal/compiler/compiler.go:358.15,364.3 1 0
github.com/wolflang/wolf/internal/compiler/compiler.go:370.2,371.16 2 0
github.com/wolflang/wolf/internal/compiler/compiler.go:371.16,372.56 1 0
github.com/wolflang/wolf/internal/compiler/compiler.go:372.56,373.66 1 0
github.com/wolflang/wolf/internal/compiler/compiler.go:373.66,375.10 2 0
github.com/wolflang/wolf/internal/compiler/compiler.go:381.2,382.49 2 0
github.com/wolflang/wolf/internal/compiler/compiler.go:382.49,384.3 1 0
github.com/wolflang/wolf/internal/compiler/compiler.go:385.2,388.20 2 0
github.com/wolflang/wolf/internal/compiler/compiler.go:388.20,390.3 1 0
github.com/wolflang/wolf/internal/compiler/compiler.go:391.2,391.24 1 0
github.com/wolflang/wolf/internal/compiler/compiler.go:391.24,393.3 1 0
github.com/wolflang/wolf/internal/compiler/compiler.go:396.2,403.35 3 0
github.com/wolflang/wolf/internal/compiler/compiler.go:403.35,405.3 1 0
github.com/wolflang/wolf/internal/compiler/compiler.go:407.2,407.34 1 0
github.com/wolflang/wolf/internal/compiler/compiler.go:407.34,409.3 1 0
github.com/wolflang/wolf/internal/compiler/compiler.go:410.2,410.34 1 0
github.com/wolflang/wolf/internal/compiler/compiler.go:410.34,412.3 1 0
github.com/wolflang/wolf/internal/compiler/compiler.go:415.2,423.16 4 0
github.com/wolflang/wolf/internal/compiler/compiler.go:423.16,427.47 4 0
github.com/wolflang/wolf/internal/compiler/compiler.go:427.47,429.46 1 0
github.com/wolflang/wolf/internal/compiler/compiler.go:429.46,431.5 1 0
github.com/wolflang/wolf/internal/compiler/compiler.go:433.3,433.18 1 0
github.com/wolflang/wolf/internal/compiler/compiler.go:433.18,435.54 2 0
github.com/wolflang/wolf/internal/compiler/compiler.go:435.54,437.5 1 0
github.com/wolflang/wolf/internal/compiler/compiler.go:439.4,439.39 1 0
github.com/wolflang/wolf/internal/compiler/compiler.go:441.8,444.53 2 0
github.com/wolflang/wolf/internal/compiler/compiler.go:444.53,446.4 1 0
github.com/wolflang/wolf/internal/compiler/compiler.go:449.2,449.15 1 0
github.com/wolflang/wolf/internal/compiler/compiler.go:449.15,451.3 1 0
github.com/wolflang/wolf/internal/compiler/compiler.go:454.2,457.34 3 0
github.com/wolflang/wolf/internal/compiler/compiler.go:457.34,459.3 1 0
github.com/wolflang/wolf/internal/compiler/compiler.go:460.2,460.34 1 0
github.com/wolflang/wolf/internal/compiler/compiler.go:460.34,462.3 1 0
github.com/wolflang/wolf/internal/compiler/compiler.go:465.2,465.27 1 0
github.com/wolflang/wolf/internal/compiler/compiler.go:465.27,467.3 1 0
github.com/wolflang/wolf/internal/compiler/compiler.go:469.2,473.47 4 0
github.com/wolflang/wolf/internal/compiler/compiler.go:473.47,474.37 1 0
github.com/wolflang/wolf/internal/compiler/compiler.go:474.37,478.4 3 0
github.com/wolflang/wolf/internal/compiler/compiler.go:481.2,481.57 1 0
github.com/wolflang/wolf/internal/compiler/compiler.go:481.57,483.3 1 0
github.com/wolflang/wolf/internal/compiler/compiler.go:485.2,486.54 2 0
github.com/wolflang/wolf/internal/compiler/compiler.go:486.54,488.3 1 0
github.com/wolflang/wolf/internal/compiler/compiler.go:490.2,492.15 2 0
github.com/wolflang/wolf/internal/compiler/compiler.go:492.15,494.3 1 0
github.com/wolflang/wolf/internal/compiler/compiler.go:497.2,499.20 2 0
github.com/wolflang/wolf/internal/compiler/compiler.go:503.55,505.16 2 0
github.com/wolflang/wolf/internal/compiler/compiler.go:505.16,507.3 1 0
github.com/wolflang/wolf/internal/compiler/compiler.go:509.2,514.18 5 0
github.com/wolflang/wolf/internal/compiler/compiler.go:521.44,522.21 1 0
github.com/wolflang/wolf/internal/compiler/compiler.go:522.21,524.3 1 0
github.com/wolflang/wolf/internal/compiler/compiler.go:525.2,527.23 3 0
github.com/wolflang/wolf/internal/compiler/compiler.go:528.18,529.38 1 0
github.com/wolflang/wolf/internal/compiler/compiler.go:530.15,531.35 1 0
github.com/wolflang/wolf/internal/compiler/compiler.go:532.10,533.35 1 0
github.com/wolflang/wolf/internal/compiler/compiler.go:540.2,541.25 2 0
github.com/wolflang/wolf/internal/compiler/compiler.go:542.13,543.41 1 0
github.com/wolflang/wolf/internal/compiler/compiler.go:544.13,545.41 1 0
github.com/wolflang/wolf/internal/compiler/compiler.go:548.2,571.3 1 0
github.com/wolflang/wolf/internal/compiler/compiler.go:576.61,577.21 1 0
github.com/wolflang/wolf/internal/compiler/compiler.go:577.21,579.3 1 0
github.com/wolflang/wolf/internal/compiler/compiler.go:580.2,605.73 4 0
github.com/wolflang/wolf/internal/compiler/compiler.go:608.34,612.2 3 0
github.com/wolflang/wolf/internal/compiler/compiler.go:614.28,615.7 1 0
github.com/wolflang/wolf/internal/compiler/compiler.go:615.7,617.3 1 0
github.com/wolflang/wolf/internal/compiler/compiler.go:618.2,618.10 1 0
github.com/wolflang/wolf/internal/compiler/compiler.go:623.22,624.52 1 0
github.com/wolflang/wolf/internal/compiler/compiler.go:624.52,625.49 1 0
github.com/wolflang/wolf/internal/compiler/compiler.go:625.49,627.4 1 0
github.com/wolflang/wolf/internal/compiler/compiler.go:629.2,629.13 1 0
github.com/wolflang/wolf/internal/compiler/compiler.go:632.20,635.2 2 0
github.com/wolflang/wolf/internal/compiler/compiler.go:637.22,640.2 2 0
github.com/wolflang/wolf/internal/compiler/compiler.go:642.34,643.83 1 1
github.com/wolflang/wolf/internal/compiler/compiler.go:643.83,644.51 1 1
github.com/wolflang/wolf/internal/compiler/compiler.go:644.51,645.76 1 1
github.com/wolflang/wolf/internal/compiler/compiler.go:645.76,646.63 1 1
github.com/wolflang/wolf/internal/compiler/compiler.go:646.63,648.6 1 1
github.com/wolflang/wolf/internal/compiler/compiler.go:652.2,652.53 1 0
github.com/wolflang/wolf/internal/compiler/compiler.go:652.53,653.74 1 0
github.com/wolflang/wolf/internal/compiler/compiler.go:653.74,654.62 1 0
github.com/wolflang/wolf/internal/compiler/compiler.go:654.62,656.5 1 0
github.com/wolflang/wolf/internal/compiler/compiler.go:659.2,659.51 1 0
github.com/wolflang/wolf/internal/compiler/compiler.go:659.51,660.74 1 0
github.com/wolflang/wolf/internal/compiler/compiler.go:660.74,661.62 1 0
github.com/wolflang/wolf/internal/compiler/compiler.go:661.62,663.5 1 0
github.com/wolflang/wolf/internal/compiler/compiler.go:666.2,666.22 1 0
github.com/wolflang/wolf/internal/compiler/compiler.go:667.16,668.32 1 0
github.com/wolflang/wolf/internal/compiler/compiler.go:668.32,670.4 1 0
github.com/wolflang/wolf/internal/compiler/compiler.go:671.3,671.38 1 0
github.com/wolflang/wolf/internal/compiler/compiler.go:672.17,673.34 1 0
github.com/wolflang/wolf/internal/compiler/compiler.go:674.10,675.32 1 0
github.com/wolflang/wolf/internal/compiler/compiler.go:675.32,677.4 1 0
github.com/wolflang/wolf/internal/compiler/compiler.go:678.3,678.31 1 0
github.com/wolflang/wolf/internal/compiler/compiler.go:682.60,683.58 1 0
github.com/wolflang/wolf/internal/compiler/compiler.go:683.58,684.73 1 0
github.com/wolflang/wolf/internal/compiler/compiler.go:684.73,686.4 1 0
github.com/wolflang/wolf/internal/compiler/compiler.go:687.3,687.75 1 0
github.com/wolflang/wolf/internal/compiler/compiler.go:687.75,689.4 1 0
github.com/wolflang/wolf/internal/compiler/compiler.go:691.2,691.8 1 0
github.com/wolflang/wolf/internal/compiler/compiler.go:694.65,695.58 1 0
github.com/wolflang/wolf/internal/compiler/compiler.go:695.58,697.17 2 0
github.com/wolflang/wolf/internal/compiler/compiler.go:697.17,699.4 1 0
github.com/wolflang/wolf/internal/compiler/compiler.go:700.3,700.17 1 0
github.com/wolflang/wolf/internal/compiler/compiler.go:702.2,702.47 1 0
github.com/wolflang/wolf/internal/compiler/compiler.go:707.71,710.16 3 0
github.com/wolflang/wolf/internal/compiler/compiler.go:710.16,712.3 1 0
github.com/wolflang/wolf/internal/compiler/compiler.go:713.2,714.41 2 0
github.com/wolflang/wolf/internal/compiler/compiler.go:714.41,716.3 1 0
github.com/wolflang/wolf/internal/compiler/compiler.go:719.2,719.29 1 0
github.com/wolflang/wolf/internal/compiler/compiler.go:719.29,720.39 1 0
github.com/wolflang/wolf/internal/compiler/compiler.go:720.39,721.12 1 0
github.com/wolflang/wolf/internal/compiler/compiler.go:723.3,723.24 1 0
github.com/wolflang/wolf/internal/compiler/compiler.go:725.2,725.48 1 0
github.com/wolflang/wolf/internal/compiler/compiler.go:729.38,731.16 2 0
github.com/wolflang/wolf/internal/compiler/compiler.go:731.16,733.3 1 0
github.com/wolflang/wolf/internal/compiler/compiler.go:734.2,736.16 3 0
github.com/wolflang/wolf/internal/compiler/compiler.go:736.16,738.3 1 0
github.com/wolflang/wolf/internal/compiler/compiler.go:739.2,741.12 3 0
github.com/wolflang/wolf/internal/compiler/dispatch_gen.go:23.70,26.42 2 1
github.com/wolflang/wolf/internal/compiler/dispatch_gen.go:26.42,27.52 1 1
github.com/wolflang/wolf/internal/compiler/dispatch_gen.go:27.52,28.91 1 1
github.com/wolflang/wolf/internal/compiler/dispatch_gen.go:28.91,30.5 1 0
github.com/wolflang/wolf/internal/compiler/dispatch_gen.go:36.2,38.26 2 1
github.com/wolflang/wolf/internal/compiler/dispatch_gen.go:38.26,39.37 1 0
github.com/wolflang/wolf/internal/compiler/dispatch_gen.go:39.37,50.44 5 0
github.com/wolflang/wolf/internal/compiler/dispatch_gen.go:50.44,51.81 1 0
github.com/wolflang/wolf/internal/compiler/dispatch_gen.go:51.81,52.47 1 0
github.com/wolflang/wolf/internal/compiler/dispatch_gen.go:52.47,54.39 1 0
github.com/wolflang/wolf/internal/compiler/dispatch_gen.go:54.39,55.16 1 0
github.com/wolflang/wolf/internal/compiler/dispatch_gen.go:60.7,63.27 4 0
github.com/wolflang/wolf/internal/compiler/dispatch_gen.go:67.4,67.20 1 0
github.com/wolflang/wolf/internal/compiler/dispatch_gen.go:71.2,80.26 7 1
github.com/wolflang/wolf/internal/compiler/dispatch_gen.go:85.72,87.42 2 1
github.com/wolflang/wolf/internal/compiler/dispatch_gen.go:87.42,88.52 1 1
github.com/wolflang/wolf/internal/compiler/dispatch_gen.go:88.52,90.91 1 1
github.com/wolflang/wolf/internal/compiler/dispatch_gen.go:90.91,91.134 1 1
github.com/wolflang/wolf/internal/compiler/dispatch_gen.go:91.134,93.40 1 1
github.com/wolflang/wolf/internal/compiler/dispatch_gen.go:93.40,95.7 1 1
github.com/wolflang/wolf/internal/compiler/dispatch_gen.go:101.2,103.21 2 1
github.com/wolflang/wolf/internal/compiler/dispatch_gen.go:103.21,104.32 1 1
github.com/wolflang/wolf/internal/compiler/dispatch_gen.go:104.32,108.4 3 1
github.com/wolflang/wolf/internal/compiler/dispatch_gen.go:111.2,120.26 7 1
github.com/wolflang/wolf/internal/compiler/extract.go:16.46,18.52 2 0
github.com/wolflang/wolf/internal/compiler/extract.go:18.52,20.3 1 0
github.com/wolflang/wolf/internal/compiler/extract.go:23.2,24.54 2 0
github.com/wolflang/wolf/internal/compiler/extract.go:24.54,26.3 1 0
github.com/wolflang/wolf/internal/compiler/extract.go:28.2,29.16 2 0
github.com/wolflang/wolf/internal/compiler/extract.go:29.16,31.3 1 0
github.com/wolflang/wolf/internal/compiler/extract.go:33.2,33.32 1 0
github.com/wolflang/wolf/internal/compiler/extract.go:33.32,34.20 1 0
github.com/wolflang/wolf/internal/compiler/extract.go:34.20,35.12 1 0
github.com/wolflang/wolf/internal/compiler/extract.go:37.3,38.17 2 0
github.com/wolflang/wolf/internal/compiler/extract.go:38.17,40.4 1 0
github.com/wolflang/wolf/internal/compiler/extract.go:41.3,42.60 2 0
github.com/wolflang/wolf/internal/compiler/extract.go:42.60,44.4 1 0
github.com/wolflang/wolf/internal/compiler/extract.go:48.2,49.57 2 0
github.com/wolflang/wolf/internal/compiler/extract.go:49.57,51.3 1 0
github.com/wolflang/wolf/internal/compiler/extract.go:53.2,53.103 1 0
github.com/wolflang/wolf/internal/compiler/extract.go:53.103,55.3 1 0
github.com/wolflang/wolf/internal/compiler/extract.go:57.2,57.22 1 0
github.com/wolflang/wolf/internal/compiler/extract.go:60.62,63.16 2 0
github.com/wolflang/wolf/internal/compiler/extract.go:63.16,65.3 1 0
github.com/wolflang/wolf/internal/compiler/extract.go:66.2,66.81 1 0
github.com/wolflang/wolf/internal/compiler/extract.go:66.81,67.17 1 0
github.com/wolflang/wolf/internal/compiler/extract.go:67.17,69.4 1 0
github.com/wolflang/wolf/internal/compiler/extract.go:70.3,73.96 3 0
github.com/wolflang/wolf/internal/compiler/extract.go:73.96,75.4 1 0
github.com/wolflang/wolf/internal/compiler/extract.go:76.3,76.16 1 0
github.com/wolflang/wolf/internal/compiler/extract.go:76.16,78.4 1 0
github.com/wolflang/wolf/internal/compiler/extract.go:79.3,80.17 2 0
github.com/wolflang/wolf/internal/compiler/extract.go:80.17,82.4 1 0
github.com/wolflang/wolf/internal/compiler/extract.go:83.3,83.44 1 0
github.com/wolflang/wolf/internal/compiler/extract.go:87.55,89.46 2 0
github.com/wolflang/wolf/internal/compiler/extract.go:89.46,91.23 2 0
github.com/wolflang/wolf/internal/compiler/extract.go:91.23,92.30 1 0
github.com/wolflang/wolf/internal/compiler/extract.go:92.30,94.10 2 0
github.com/wolflang/wolf/internal/compiler/extract.go:97.3,97.11 1 0
github.com/wolflang/wolf/internal/compiler/extract.go:97.11,99.4 1 0
github.com/wolflang/wolf/internal/compiler/extract.go:101.2,101.39 1 0
github.com/wolflang/wolf/internal/config/config.go:106.29,166.2 1 0
github.com/wolflang/wolf/internal/config/loader.go:17.52,22.22 3 0
github.com/wolflang/wolf/internal/config/loader.go:22.22,23.51 1 0
github.com/wolflang/wolf/internal/config/loader.go:23.51,25.4 1 0
github.com/wolflang/wolf/internal/config/loader.go:29.2,32.38 2 0
github.com/wolflang/wolf/internal/config/loader.go:32.38,34.3 1 0
github.com/wolflang/wolf/internal/config/loader.go:37.2,37.29 1 0
github.com/wolflang/wolf/internal/config/loader.go:37.29,39.3 1 0
github.com/wolflang/wolf/internal/config/loader.go:39.8,39.50 1 0
github.com/wolflang/wolf/internal/config/loader.go:39.50,47.3 2 0
github.com/wolflang/wolf/internal/config/loader.go:49.2,49.17 1 0
github.com/wolflang/wolf/internal/config/loader.go:54.40,56.6 2 0
github.com/wolflang/wolf/internal/config/loader.go:56.6,58.47 2 0
github.com/wolflang/wolf/internal/config/loader.go:58.47,60.4 1 0
github.com/wolflang/wolf/internal/config/loader.go:61.3,62.20 2 0
github.com/wolflang/wolf/internal/config/loader.go:62.20,63.9 1 0
github.com/wolflang/wolf/internal/config/loader.go:65.3,65.15 1 0
github.com/wolflang/wolf/internal/config/loader.go:67.2,67.11 1 0
github.com/wolflang/wolf/internal/config/loader.go:79.51,81.16 2 0
github.com/wolflang/wolf/internal/config/loader.go:81.16,83.3 1 0
github.com/wolflang/wolf/internal/config/loader.go:84.2,90.21 5 0
github.com/wolflang/wolf/internal/config/loader.go:90.21,98.17 5 0
github.com/wolflang/wolf/internal/config/loader.go:98.17,99.12 1 0
github.com/wolflang/wolf/internal/config/loader.go:103.3,103.67 1 0
github.com/wolflang/wolf/internal/config/loader.go:103.67,105.12 2 0
github.com/wolflang/wolf/internal/config/loader.go:109.3,110.13 2 0
github.com/wolflang/wolf/internal/config/loader.go:110.13,112.4 1 0
github.com/wolflang/wolf/internal/config/loader.go:114.3,117.67 3 0
github.com/wolflang/wolf/internal/config/loader.go:117.67,119.4 1 0
github.com/wolflang/wolf/internal/config/loader.go:122.2,122.22 1 0
github.com/wolflang/wolf/internal/config/loader.go:126.36,128.23 2 0
github.com/wolflang/wolf/internal/config/loader.go:128.23,129.16 1 0
github.com/wolflang/wolf/internal/config/loader.go:129.16,131.4 1 0
github.com/wolflang/wolf/internal/config/loader.go:132.3,132.28 1 0
github.com/wolflang/wolf/internal/config/loader.go:132.28,134.4 1 0
github.com/wolflang/wolf/internal/config/loader.go:136.2,136.10 1 0
github.com/wolflang/wolf/internal/config/loader.go:140.74,141.43 1 0
github.com/wolflang/wolf/internal/config/loader.go:141.43,143.3 1 0
github.com/wolflang/wolf/internal/config/loader.go:145.2,145.17 1 0
github.com/wolflang/wolf/internal/config/loader.go:146.13,147.14 1 0
github.com/wolflang/wolf/internal/config/loader.go:148.15,149.22 1 0
github.com/wolflang/wolf/internal/config/loader.go:150.14,151.21 1 0
github.com/wolflang/wolf/internal/config/loader.go:152.16,154.18 2 0
github.com/wolflang/wolf/internal/config/loader.go:154.18,156.5 1 0
github.com/wolflang/wolf/internal/config/loader.go:157.4,157.21 1 0
github.com/wolflang/wolf/internal/config/loader.go:158.18,159.25 1 0
github.com/wolflang/wolf/internal/config/loader.go:160.14,161.21 1 0
github.com/wolflang/wolf/internal/config/loader.go:162.11,163.32 1 0
github.com/wolflang/wolf/internal/config/loader.go:166.16,167.14 1 0
github.com/wolflang/wolf/internal/config/loader.go:168.15,169.25 1 0
github.com/wolflang/wolf/internal/config/loader.go:170.15,172.18 2 0
github.com/wolflang/wolf/internal/config/loader.go:172.18,174.5 1 0
github.com/wolflang/wolf/internal/config/loader.go:175.4,175.23 1 0
github.com/wolflang/wolf/internal/config/loader.go:176.23,178.18 2 0
github.com/wolflang/wolf/internal/config/loader.go:178.18,180.5 1 0
github.com/wolflang/wolf/internal/config/loader.go:181.4,181.33 1 0
github.com/wolflang/wolf/internal/config/loader.go:182.24,184.18 2 0
github.com/wolflang/wolf/internal/config/loader.go:184.18,186.5 1 0
github.com/wolflang/wolf/internal/config/loader.go:187.4,187.34 1 0
github.com/wolflang/wolf/internal/config/loader.go:188.27,190.18 2 0
github.com/wolflang/wolf/internal/config/loader.go:190.18,192.5 1 0
github.com/wolflang/wolf/internal/config/loader.go:193.4,193.33 1 0
github.com/wolflang/wolf/internal/config/loader.go:194.25,196.18 2 0
github.com/wolflang/wolf/internal/config/loader.go:196.18,198.5 1 0
github.com/wolflang/wolf/internal/config/loader.go:199.4,199.32 1 0
github.com/wolflang/wolf/internal/config/loader.go:200.22,202.18 2 0
github.com/wolflang/wolf/internal/config/loader.go:202.18,204.5 1 0
github.com/wolflang/wolf/internal/config/loader.go:205.4,205.29 1 0
github.com/wolflang/wolf/internal/config/loader.go:206.18,208.18 2 0
github.com/wolflang/wolf/internal/config/loader.go:208.18,210.5 1 0
github.com/wolflang/wolf/internal/config/loader.go:211.4,211.26 1 0
github.com/wolflang/wolf/internal/config/loader.go:212.11,213.32 1 0
github.com/wolflang/wolf/internal/config/loader.go:216.24,217.14 1 0
github.com/wolflang/wolf/internal/config/loader.go:218.17,219.23 1 0
github.com/wolflang/wolf/internal/config/loader.go:220.15,221.21 1 0
github.com/wolflang/wolf/internal/config/loader.go:222.15,224.18 2 0
github.com/wolflang/wolf/internal/config/loader.go:224.18,226.5 1 0
github.com/wolflang/wolf/internal/config/loader.go:227.4,227.19 1 0
github.com/wolflang/wolf/internal/config/loader.go:228.15,229.21 1 0
github.com/wolflang/wolf/internal/config/loader.go:230.15,231.21 1 0
github.com/wolflang/wolf/internal/config/loader.go:232.19,233.25 1 0
github.com/wolflang/wolf/internal/config/loader.go:234.20,236.18 2 0
github.com/wolflang/wolf/internal/config/loader.go:236.18,238.5 1 0
github.com/wolflang/wolf/internal/config/loader.go:239.4,239.23 1 0
github.com/wolflang/wolf/internal/config/loader.go:240.24,242.18 2 0
github.com/wolflang/wolf/internal/config/loader.go:242.18,244.5 1 0
github.com/wolflang/wolf/internal/config/loader.go:245.4,245.26 1 0
github.com/wolflang/wolf/internal/config/loader.go:246.23,248.18 2 0
github.com/wolflang/wolf/internal/config/loader.go:248.18,250.5 1 0
github.com/wolflang/wolf/internal/config/loader.go:251.4,251.26 1 0
github.com/wolflang/wolf/internal/config/loader.go:252.22,254.18 2 0
github.com/wolflang/wolf/internal/config/loader.go:254.18,256.5 1 0
github.com/wolflang/wolf/internal/config/loader.go:257.4,257.25 1 0
github.com/wolflang/wolf/internal/config/loader.go:258.20,259.25 1 0
github.com/wolflang/wolf/internal/config/loader.go:260.20,262.18 2 0
github.com/wolflang/wolf/internal/config/loader.go:262.18,264.5 1 0
github.com/wolflang/wolf/internal/config/loader.go:265.4,265.23 1 0
github.com/wolflang/wolf/internal/config/loader.go:266.11,267.32 1 0
github.com/wolflang/wolf/internal/config/loader.go:270.15,271.14 1 0
github.com/wolflang/wolf/internal/config/loader.go:272.15,273.24 1 0
github.com/wolflang/wolf/internal/config/loader.go:274.15,276.18 2 0
github.com/wolflang/wolf/internal/config/loader.go:276.18,278.5 1 0
github.com/wolflang/wolf/internal/config/loader.go:279.4,279.22 1 0
github.com/wolflang/wolf/internal/config/loader.go:280.19,281.28 1 0
github.com/wolflang/wolf/internal/config/loader.go:282.13,284.18 2 0
github.com/wolflang/wolf/internal/config/loader.go:284.18,286.5 1 0
github.com/wolflang/wolf/internal/config/loader.go:287.4,287.20 1 0
github.com/wolflang/wolf/internal/config/loader.go:288.11,289.32 1 0
github.com/wolflang/wolf/internal/config/loader.go:292.13,293.14 1 0
github.com/wolflang/wolf/internal/config/loader.go:294.17,295.24 1 0
github.com/wolflang/wolf/internal/config/loader.go:296.35,298.18 2 0
github.com/wolflang/wolf/internal/config/loader.go:298.18,300.5 1 0
github.com/wolflang/wolf/internal/config/loader.go:301.4,301.25 1 0
github.com/wolflang/wolf/internal/config/loader.go:302.20,303.27 1 0
github.com/wolflang/wolf/internal/config/loader.go:304.11,305.32 1 0
github.com/wolflang/wolf/internal/config/loader.go:308.13,309.14 1 0
github.com/wolflang/wolf/internal/config/loader.go:310.16,311.23 1 0
github.com/wolflang/wolf/internal/config/loader.go:312.17,313.24 1 0
github.com/wolflang/wolf/internal/config/loader.go:314.15,315.22 1 0
github.com/wolflang/wolf/internal/config/loader.go:316.11,317.32 1 0
github.com/wolflang/wolf/internal/config/loader.go:320.15,321.14 1 0
github.com/wolflang/wolf/internal/config/loader.go:322.18,323.26 1 0
github.com/wolflang/wolf/internal/config/loader.go:324.31,326.18 2 0
github.com/wolflang/wolf/internal/config/loader.go:326.18,328.5 1 0
github.com/wolflang/wolf/internal/config/loader.go:329.4,329.26 1 0
github.com/wolflang/wolf/internal/config/loader.go:330.18,332.18 2 0
github.com/wolflang/wolf/internal/config/loader.go:332.18,334.5 1 0
github.com/wolflang/wolf/internal/config/loader.go:335.4,335.24 1 0
github.com/wolflang/wolf/internal/config/loader.go:336.22,338.18 2 0
github.com/wolflang/wolf/internal/config/loader.go:338.18,340.5 1 0
github.com/wolflang/wolf/internal/config/loader.go:341.4,341.28 1 0
github.com/wolflang/wolf/internal/config/loader.go:342.11,343.32 1 0
github.com/wolflang/wolf/internal/config/loader.go:346.16,347.14 1 0
github.com/wolflang/wolf/internal/config/loader.go:348.15,350.24 2 0
github.com/wolflang/wolf/internal/config/loader.go:350.24,352.5 1 0
github.com/wolflang/wolf/internal/config/loader.go:353.4,353.25 1 0
github.com/wolflang/wolf/internal/config/loader.go:354.15,355.25 1 0
github.com/wolflang/wolf/internal/config/loader.go:356.11,357.32 1 0
github.com/wolflang/wolf/internal/config/loader.go:360.10,361.73 1 0
github.com/wolflang/wolf/internal/config/loader.go:363.10,363.10 0 0
github.com/wolflang/wolf/internal/config/loader.go:367.2,367.12 1 0
github.com/wolflang/wolf/internal/config/loader.go:373.34,374.43 1 0
github.com/wolflang/wolf/internal/config/loader.go:374.43,375.37 1 0
github.com/wolflang/wolf/internal/config/loader.go:375.37,377.4 1 0
github.com/wolflang/wolf/internal/config/loader.go:379.2,379.40 1 0
github.com/wolflang/wolf/internal/config/loader.go:379.40,380.37 1 0
github.com/wolflang/wolf/internal/config/loader.go:380.37,381.45 1 0
github.com/wolflang/wolf/internal/config/loader.go:381.45,383.5 1 0
github.com/wolflang/wolf/internal/config/loader.go:386.2,386.42 1 0
github.com/wolflang/wolf/internal/config/loader.go:386.42,387.37 1 0
github.com/wolflang/wolf/internal/config/loader.go:387.37,388.42 1 0
github.com/wolflang/wolf/internal/config/loader.go:388.42,390.5 1 0
github.com/wolflang/wolf/internal/config/loader.go:395.2,445.53 39 0
github.com/wolflang/wolf/internal/config/loader.go:450.38,452.29 2 0
github.com/wolflang/wolf/internal/config/loader.go:452.29,454.3 1 0
github.com/wolflang/wolf/internal/config/loader.go:456.2,456.52 1 0
github.com/wolflang/wolf/internal/config/loader.go:456.52,458.3 1 0
github.com/wolflang/wolf/internal/config/loader.go:460.2,460.61 1 0
github.com/wolflang/wolf/internal/config/loader.go:460.61,462.3 1 0
github.com/wolflang/wolf/internal/config/loader.go:464.2,465.30 2 0
github.com/wolflang/wolf/internal/config/loader.go:465.30,467.3 1 0
github.com/wolflang/wolf/internal/config/loader.go:469.2,469.25 1 0
github.com/wolflang/wolf/internal/config/loader.go:469.25,471.3 1 0
github.com/wolflang/wolf/internal/config/loader.go:472.2,472.28 1 0
github.com/wolflang/wolf/internal/config/loader.go:472.28,474.3 1 0
github.com/wolflang/wolf/internal/config/loader.go:475.2,475.42 1 0
github.com/wolflang/wolf/internal/config/loader.go:475.42,478.3 1 0
github.com/wolflang/wolf/internal/config/loader.go:479.2,479.28 1 0
github.com/wolflang/wolf/internal/config/loader.go:479.28,481.3 1 0
github.com/wolflang/wolf/internal/config/loader.go:483.2,484.63 2 0
github.com/wolflang/wolf/internal/config/loader.go:484.63,486.3 1 0
github.com/wolflang/wolf/internal/config/loader.go:488.2,489.33 2 0
github.com/wolflang/wolf/internal/config/loader.go:489.33,491.3 1 0
github.com/wolflang/wolf/internal/config/loader.go:493.2,493.12 1 0
github.com/wolflang/wolf/internal/config/loader.go:497.40,498.47 1 0
github.com/wolflang/wolf/internal/config/loader.go:499.32,500.19 1 0
github.com/wolflang/wolf/internal/config/loader.go:501.33,502.20 1 0
github.com/wolflang/wolf/internal/config/loader.go:504.2,504.56 1 0
github.com/wolflang/wolf/internal/resolver/resolver.go:30.37,35.2 1 1
github.com/wolflang/wolf/internal/resolver/resolver.go:38.52,40.2 1 1
github.com/wolflang/wolf/internal/resolver/resolver.go:43.54,44.39 1 1
github.com/wolflang/wolf/internal/resolver/resolver.go:44.39,46.3 1 1
github.com/wolflang/wolf/internal/resolver/resolver.go:47.2,47.21 1 1
github.com/wolflang/wolf/internal/resolver/resolver.go:47.21,49.3 1 1
github.com/wolflang/wolf/internal/resolver/resolver.go:50.2,50.19 1 1
github.com/wolflang/wolf/internal/resolver/resolver.go:54.59,57.2 2 0
github.com/wolflang/wolf/internal/resolver/resolver.go:71.33,78.2 1 1
github.com/wolflang/wolf/internal/resolver/resolver.go:81.47,83.2 1 1
github.com/wolflang/wolf/internal/resolver/resolver.go:87.72,91.42 2 1
github.com/wolflang/wolf/internal/resolver/resolver.go:91.42,93.3 1 1
github.com/wolflang/wolf/internal/resolver/resolver.go:94.2,94.17 1 1
github.com/wolflang/wolf/internal/resolver/resolver.go:98.48,100.2 1 1
github.com/wolflang/wolf/internal/resolver/resolver.go:103.54,105.2 1 1
github.com/wolflang/wolf/internal/resolver/resolver.go:108.37,110.32 2 1
github.com/wolflang/wolf/internal/resolver/resolver.go:110.32,119.3 4 1
github.com/wolflang/wolf/internal/resolver/resolver.go:124.55,125.26 1 1
github.com/wolflang/wolf/internal/resolver/resolver.go:126.30,127.24 1 1
github.com/wolflang/wolf/internal/resolver/resolver.go:129.23,130.22 1 1
github.com/wolflang/wolf/internal/resolver/resolver.go:132.26,134.25 2 1
github.com/wolflang/wolf/internal/resolver/resolver.go:136.26,137.30 1 1
github.com/wolflang/wolf/internal/resolver/resolver.go:137.30,139.4 1 1
github.com/wolflang/wolf/internal/resolver/resolver.go:141.22,144.33 3 1
github.com/wolflang/wolf/internal/resolver/resolver.go:144.33,147.4 2 0
github.com/wolflang/wolf/internal/resolver/resolver.go:148.3,148.24 1 1
github.com/wolflang/wolf/internal/resolver/resolver.go:148.24,150.4 1 0
github.com/wolflang/wolf/internal/resolver/resolver.go:152.23,158.15 6 1
github.com/wolflang/wolf/internal/resolver/resolver.go:160.27,163.21 3 1
github.com/wolflang/wolf/internal/resolver/resolver.go:163.21,165.4 1 1
github.com/wolflang/wolf/internal/resolver/resolver.go:166.3,168.15 3 1
github.com/wolflang/wolf/internal/resolver/resolver.go:170.25,172.25 2 0
github.com/wolflang/wolf/internal/resolver/resolver.go:174.25,176.30 2 0
github.com/wolflang/wolf/internal/resolver/resolver.go:176.30,178.38 2 0
github.com/wolflang/wolf/internal/resolver/resolver.go:178.38,180.5 1 0
github.com/wolflang/wolf/internal/resolver/resolver.go:183.24,184.23 1 1
github.com/wolflang/wolf/internal/resolver/resolver.go:186.24,187.23 1 0
github.com/wolflang/wolf/internal/resolver/resolver.go:189.25,190.24 1 1
github.com/wolflang/wolf/internal/resolver/resolver.go:192.29,198.30 4 0
github.com/wolflang/wolf/internal/resolver/resolver.go:200.28,203.23 3 1
github.com/wolflang/wolf/internal/resolver/resolver.go:203.23,205.4 1 1
github.com/wolflang/wolf/internal/resolver/resolver.go:206.3,207.15 2 1
github.com/wolflang/wolf/internal/resolver/resolver.go:209.29,209.29 0 0
github.com/wolflang/wolf/internal/resolver/resolver.go:212.27,214.30 1 1
github.com/wolflang/wolf/internal/resolver/resolver.go:214.30,216.4 1 0
github.com/wolflang/wolf/internal/resolver/resolver.go:217.3,217.31 1 1
github.com/wolflang/wolf/internal/resolver/resolver.go:217.31,219.4 1 0
github.com/wolflang/wolf/internal/resolver/resolver.go:221.28,222.25 1 0
github.com/wolflang/wolf/internal/resolver/resolver.go:224.34,225.25 1 0
github.com/wolflang/wolf/internal/resolver/resolver.go:227.30,229.25 2 0
github.com/wolflang/wolf/internal/resolver/resolver.go:231.33,233.32 2 1
github.com/wolflang/wolf/internal/resolver/resolver.go:233.32,235.4 1 1
github.com/wolflang/wolf/internal/resolver/resolver.go:237.25,238.20 1 0
github.com/wolflang/wolf/internal/resolver/resolver.go:242.58,243.18 1 1
github.com/wolflang/wolf/internal/resolver/resolver.go:243.18,245.3 1 0
github.com/wolflang/wolf/internal/resolver/resolver.go:246.2,247.40 2 1
github.com/wolflang/wolf/internal/resolver/resolver.go:247.40,249.3 1 1
github.com/wolflang/wolf/internal/resolver/resolver.go:250.2,250.14 1 1
github.com/wolflang/wolf/internal/resolver/resolver.go:253.54,254.20 1 1
github.com/wolflang/wolf/internal/resolver/resolver.go:254.20,256.3 1 1
github.com/wolflang/wolf/internal/resolver/resolver.go:257.2,257.43 1 1
github.com/wolflang/wolf/internal/resolver/resolver.go:260.56,262.18 1 1
github.com/wolflang/wolf/internal/resolver/resolver.go:262.18,272.3 4 1
github.com/wolflang/wolf/internal/resolver/resolver.go:274.2,277.33 2 1
github.com/wolflang/wolf/internal/resolver/resolver.go:277.33,279.27 2 1
github.com/wolflang/wolf/internal/resolver/resolver.go:279.27,281.4 1 0
github.com/wolflang/wolf/internal/resolver/resolver.go:284.2,284.19 1 1
github.com/wolflang/wolf/internal/resolver/resolver.go:284.19,285.42 1 1
github.com/wolflang/wolf/internal/resolver/resolver.go:285.42,287.4 1 1
github.com/wolflang/wolf/internal/resolver/resolver.go:290.2,290.24 1 1
github.com/wolflang/wolf/internal/resolver/resolver.go:290.24,292.3 1 0
github.com/wolflang/wolf/internal/resolver/resolver.go:294.2,294.14 1 1
github.com/wolflang/wolf/internal/resolver/resolver.go:297.56,306.2 3 0
github.com/wolflang/wolf/internal/resolver/resolver.go:308.58,325.36 6 1
github.com/wolflang/wolf/internal/resolver/resolver.go:325.36,327.26 2 1
github.com/wolflang/wolf/internal/resolver/resolver.go:327.26,329.4 1 0
github.com/wolflang/wolf/internal/resolver/resolver.go:333.2,333.35 1 1
github.com/wolflang/wolf/internal/resolver/resolver.go:333.35,335.3 1 1
github.com/wolflang/wolf/internal/resolver/resolver.go:337.2,340.41 2 1
github.com/wolflang/wolf/internal/resolver/resolver.go:340.41,342.10 2 0
github.com/wolflang/wolf/internal/resolver/resolver.go:342.10,344.12 2 0
github.com/wolflang/wolf/internal/resolver/resolver.go:347.3,348.31 2 0
github.com/wolflang/wolf/internal/resolver/resolver.go:348.31,350.4 1 0
github.com/wolflang/wolf/internal/resolver/resolver.go:351.3,351.42 1 0
github.com/wolflang/wolf/internal/resolver/resolver.go:351.42,352.36 1 0
github.com/wolflang/wolf/internal/resolver/resolver.go:352.36,356.5 1 0
github.com/wolflang/wolf/internal/resolver/resolver.go:363.56,364.17 1 1
github.com/wolflang/wolf/internal/resolver/resolver.go:364.17,366.3 1 0
github.com/wolflang/wolf/internal/resolver/resolver.go:368.2,368.26 1 1
github.com/wolflang/wolf/internal/resolver/resolver.go:369.27,370.41 1 1
github.com/wolflang/wolf/internal/resolver/resolver.go:372.26,374.42 1 1
github.com/wolflang/wolf/internal/resolver/resolver.go:374.43,376.4 0 0
github.com/wolflang/wolf/internal/resolver/resolver.go:379.26,381.25 2 1
github.com/wolflang/wolf/internal/resolver/resolver.go:383.25,384.27 1 0
github.com/wolflang/wolf/internal/resolver/resolver.go:386.27,387.27 1 1
github.com/wolflang/wolf/internal/resolver/resolver.go:389.24,391.30 2 1
github.com/wolflang/wolf/internal/resolver/resolver.go:391.30,393.4 1 1
github.com/wolflang/wolf/internal/resolver/resolver.go:394.3,394.34 1 1
github.com/wolflang/wolf/internal/resolver/resolver.go:394.34,396.4 1 0
github.com/wolflang/wolf/internal/resolver/resolver.go:398.30,399.26 1 1
github.com/wolflang/wolf/internal/resolver/resolver.go:401.26,403.30 2 0
github.com/wolflang/wolf/internal/resolver/resolver.go:403.30,405.4 1 0
github.com/wolflang/wolf/internal/resolver/resolver.go:407.26,408.30 1 0
github.com/wolflang/wolf/internal/resolver/resolver.go:408.30,410.4 1 0
github.com/wolflang/wolf/internal/resolver/resolver.go:412.25,414.25 2 0
github.com/wolflang/wolf/internal/resolver/resolver.go:416.23,417.30 1 0
github.com/wolflang/wolf/internal/resolver/resolver.go:417.30,419.4 1 0
github.com/wolflang/wolf/internal/resolver/resolver.go:421.27,423.34 2 1
github.com/wolflang/wolf/internal/resolver/resolver.go:423.34,425.4 1 1
github.com/wolflang/wolf/internal/resolver/resolver.go:426.3,426.20 1 1
github.com/wolflang/wolf/internal/resolver/resolver.go:426.20,427.43 1 1
github.com/wolflang/wolf/internal/resolver/resolver.go:427.43,429.5 1 1
github.com/wolflang/wolf/internal/resolver/resolver.go:431.3,431.25 1 1
github.com/wolflang/wolf/internal/resolver/resolver.go:431.25,433.4 1 0
github.com/wolflang/wolf/internal/resolver/resolver.go:434.3,434.15 1 1
github.com/wolflang/wolf/internal/resolver/resolver.go:436.25,437.25 1 0
github.com/wolflang/wolf/internal/resolver/resolver.go:439.25,440.24 1 0
github.com/wolflang/wolf/internal/resolver/resolver.go:442.47,442.47 0 0
github.com/wolflang/wolf/internal/resolver/resolver.go:445.24,447.25 2 0
github.com/wolflang/wolf/internal/resolver/resolver.go:449.27,450.27 1 0
github.com/wolflang/wolf/internal/resolver/resolver.go:452.25,453.27 1 0
github.com/wolflang/wolf/internal/resolver/resolver.go:455.25,456.23 1 1
github.com/wolflang/wolf/internal/resolver/resolver.go:458.28,459.35 1 0
github.com/wolflang/wolf/internal/resolver/resolver.go:459.35,461.4 1 0
github.com/wolflang/wolf/internal/resolver/resolver.go:463.26,464.25 1 0
github.com/wolflang/wolf/internal/resolver/resolver.go:464.25,467.4 2 0
github.com/wolflang/wolf/internal/resolver/resolver.go:469.34,470.32 1 0
github.com/wolflang/wolf/internal/resolver/resolver.go:470.32,472.4 1 0
github.com/wolflang/wolf/internal/resolver/resolver.go:474.28,476.25 2 0
github.com/wolflang/wolf/internal/resolver/resolver.go:479.61,479.61 0 1
github.com/wolflang/wolf/internal/resolver/resolver.go:487.74,499.2 4 1
github.com/wolflang/wolf/internal/resolver/resolver.go:502.73,503.40 1 1
github.com/wolflang/wolf/internal/resolver/resolver.go:503.40,505.19 1 1
github.com/wolflang/wolf/internal/resolver/resolver.go:505.19,507.4 1 1
github.com/wolflang/wolf/internal/resolver/resolver.go:507.9,510.4 1 1
github.com/wolflang/wolf/internal/resolver/resolver.go:514.32,517.2 2 1
github.com/wolflang/wolf/internal/resolver/resolver.go:519.31,520.27 1 1
github.com/wolflang/wolf/internal/resolver/resolver.go:520.27,523.3 2 1
github.com/wolflang/wolf/internal/resolver/resolver.go:526.85,532.2 1 1
github.com/wolflang/wolf/internal/resolver/resolver.go:535.38,536.37 1 1
github.com/wolflang/wolf/internal/resolver/resolver.go:536.37,538.3 1 1
github.com/wolflang/wolf/internal/resolver/resolver.go:539.2,539.13 1 1
github.com/wolflang/wolf/internal/scaffold/scaffold.go:20.58,21.16 1 1
github.com/wolflang/wolf/internal/scaffold/scaffold.go:21.16,23.3 1 1
github.com/wolflang/wolf/internal/scaffold/scaffold.go:25.2,25.23 1 1
github.com/wolflang/wolf/internal/scaffold/scaffold.go:25.23,27.3 1 0
github.com/wolflang/wolf/internal/scaffold/scaffold.go:30.2,30.28 1 1
github.com/wolflang/wolf/internal/scaffold/scaffold.go:30.28,32.3 1 1
github.com/wolflang/wolf/internal/scaffold/scaffold.go:34.2,35.31 2 1
github.com/wolflang/wolf/internal/scaffold/scaffold.go:35.31,41.3 1 1
github.com/wolflang/wolf/internal/scaffold/scaffold.go:41.8,52.3 1 1
github.com/wolflang/wolf/internal/scaffold/scaffold.go:54.2,54.27 1 1
github.com/wolflang/wolf/internal/scaffold/scaffold.go:54.27,55.48 1 1
github.com/wolflang/wolf/internal/scaffold/scaffold.go:55.48,57.4 1 0
github.com/wolflang/wolf/internal/scaffold/scaffold.go:60.2,62.31 2 1
github.com/wolflang/wolf/internal/scaffold/scaffold.go:62.31,84.3 2 1
github.com/wolflang/wolf/internal/scaffold/scaffold.go:84.8,190.3 6 1
github.com/wolflang/wolf/internal/scaffold/scaffold.go:193.2,215.35 4 1
github.com/wolflang/wolf/internal/scaffold/scaffold.go:215.35,216.67 1 1
github.com/wolflang/wolf/internal/scaffold/scaffold.go:216.67,218.4 1 0
github.com/wolflang/wolf/internal/scaffold/scaffold.go:221.2,221.12 1 1
github.com/wolflang/wolf/internal/scaffold/scaffold.go:227.37,234.27 2 1
github.com/wolflang/wolf/internal/scaffold/scaffold.go:234.27,235.48 1 1
github.com/wolflang/wolf/internal/scaffold/scaffold.go:235.48,237.4 1 0
github.com/wolflang/wolf/internal/scaffold/scaffold.go:240.2,374.35 2 1
github.com/wolflang/wolf/internal/scaffold/scaffold.go:374.35,375.67 1 1
github.com/wolflang/wolf/internal/scaffold/scaffold.go:375.67,377.4 1 0
github.com/wolflang/wolf/internal/scaffold/scaffold.go:379.2,379.12 1 1
github.com/wolflang/wolf/internal/scaffold/scaffold.go:384.50,385.16 1 0
github.com/wolflang/wolf/internal/scaffold/scaffold.go:385.16,387.3 1 0
github.com/wolflang/wolf/internal/scaffold/scaffold.go:389.2,391.14 2 0
github.com/wolflang/wolf/internal/scaffold/scaffold.go:392.20,423.93 3 0
github.com/wolflang/wolf/internal/scaffold/scaffold.go:425.15,468.115 3 0
github.com/wolflang/wolf/internal/scaffold/scaffold.go:470.17,487.21 3 0
github.com/wolflang/wolf/internal/scaffold/scaffold.go:489.17,501.15 3 0
github.com/wolflang/wolf/internal/scaffold/scaffold.go:503.10,504.108 1 0
github.com/wolflang/wolf/internal/scaffold/scaffold.go:508.2,508.47 1 0
github.com/wolflang/wolf/internal/scaffold/scaffold.go:508.47,510.3 1 0
github.com/wolflang/wolf/internal/scaffold/scaffold.go:512.2,515.44 2 0
github.com/wolflang/wolf/internal/scaffold/scaffold.go:515.44,517.3 1 0
github.com/wolflang/wolf/internal/scaffold/scaffold.go:519.2,519.69 1 0
github.com/wolflang/wolf/internal/scaffold/scaffold.go:519.69,521.3 1 0
github.com/wolflang/wolf/internal/scaffold/scaffold.go:523.2,523.21 1 0
github.com/wolflang/wolf/internal/scaffold/scaffold.go:526.36,527.17 1 0
github.com/wolflang/wolf/internal/scaffold/scaffold.go:527.17,529.3 1 0
github.com/wolflang/wolf/internal/scaffold/scaffold.go:530.2,530.34 1 0
github.com/wolflang/wolf/internal/typechecker/checker.go:51.35,52.34 1 1
github.com/wolflang/wolf/internal/typechecker/checker.go:52.34,54.3 1 1
github.com/wolflang/wolf/internal/typechecker/checker.go:55.2,55.18 1 0
github.com/wolflang/wolf/internal/typechecker/checker.go:59.41,60.14 1 1
github.com/wolflang/wolf/internal/typechecker/checker.go:61.13,62.17 1 1
github.com/wolflang/wolf/internal/typechecker/checker.go:63.26,64.19 1 1
github.com/wolflang/wolf/internal/typechecker/checker.go:65.16,66.20 1 1
github.com/wolflang/wolf/internal/typechecker/checker.go:67.14,68.18 1 1
github.com/wolflang/wolf/internal/typechecker/checker.go:69.15,70.19 1 0
github.com/wolflang/wolf/internal/typechecker/checker.go:71.13,72.17 1 0
github.com/wolflang/wolf/internal/typechecker/checker.go:73.10,74.21 1 0
github.com/wolflang/wolf/internal/typechecker/checker.go:102.56,113.2 1 1
github.com/wolflang/wolf/internal/typechecker/checker.go:116.46,118.2 1 1
github.com/wolflang/wolf/internal/typechecker/checker.go:122.69,123.42 1 1
github.com/wolflang/wolf/internal/typechecker/checker.go:123.42,125.3 1 1
github.com/wolflang/wolf/internal/typechecker/checker.go:126.2,126.17 1 1
github.com/wolflang/wolf/internal/typechecker/checker.go:130.47,132.2 1 0
github.com/wolflang/wolf/internal/typechecker/checker.go:136.52,137.26 1 1
github.com/wolflang/wolf/internal/typechecker/checker.go:138.23,139.20 1 1
github.com/wolflang/wolf/internal/typechecker/checker.go:141.24,142.21 1 1
github.com/wolflang/wolf/internal/typechecker/checker.go:144.24,145.21 1 0
github.com/wolflang/wolf/internal/typechecker/checker.go:147.25,148.22 1 1
github.com/wolflang/wolf/internal/typechecker/checker.go:150.26,151.30 1 1
github.com/wolflang/wolf/internal/typechecker/checker.go:151.30,153.4 1 1
github.com/wolflang/wolf/internal/typechecker/checker.go:155.22,158.33 3 1
github.com/wolflang/wolf/internal/typechecker/checker.go:158.33,161.4 2 0
github.com/wolflang/wolf/internal/typechecker/checker.go:162.3,162.24 1 1
github.com/wolflang/wolf/internal/typechecker/checker.go:162.24,164.4 1 1
github.com/wolflang/wolf/internal/typechecker/checker.go:166.23,171.35 5 1
github.com/wolflang/wolf/internal/typechecker/checker.go:173.27,176.35 3 1
github.com/wolflang/wolf/internal/typechecker/checker.go:178.25,181.35 3 0
github.com/wolflang/wolf/internal/typechecker/checker.go:183.25,185.30 2 0
github.com/wolflang/wolf/internal/typechecker/checker.go:185.30,187.38 2 0
github.com/wolflang/wolf/internal/typechecker/checker.go:187.38,189.5 1 0
github.com/wolflang/wolf/internal/typechecker/checker.go:192.28,194.28 2 1
github.com/wolflang/wolf/internal/typechecker/checker.go:196.27,197.20 1 0
github.com/wolflang/wolf/internal/typechecker/checker.go:199.28,200.23 1 0
github.com/wolflang/wolf/internal/typechecker/checker.go:202.34,203.23 1 0
github.com/wolflang/wolf/internal/typechecker/checker.go:205.30,207.23 2 0
github.com/wolflang/wolf/internal/typechecker/checker.go:209.33,210.23 1 1
github.com/wolflang/wolf/internal/typechecker/checker.go:212.30,213.22 1 1
github.com/wolflang/wolf/internal/typechecker/checker.go:215.26,217.23 2 1
github.com/wolflang/wolf/internal/typechecker/checker.go:219.25,220.18 1 0
github.com/wolflang/wolf/internal/typechecker/checker.go:222.29,222.29 0 0
github.com/wolflang/wolf/internal/typechecker/checker.go:227.55,228.18 1 1
github.com/wolflang/wolf/internal/typechecker/checker.go:228.18,230.3 1 0
github.com/wolflang/wolf/internal/typechecker/checker.go:231.2,231.40 1 1
github.com/wolflang/wolf/internal/typechecker/checker.go:231.40,233.3 1 1
github.com/wolflang/wolf/internal/typechecker/checker.go:236.51,237.20 1 1
github.com/wolflang/wolf/internal/typechecker/checker.go:237.20,239.3 1 1
github.com/wolflang/wolf/internal/typechecker/checker.go:242.2,242.56 1 1
github.com/wolflang/wolf/internal/typechecker/checker.go:242.56,246.64 3 1
github.com/wolflang/wolf/internal/typechecker/checker.go:246.64,249.4 1 1
github.com/wolflang/wolf/internal/typechecker/checker.go:253.54,255.2 0 0
github.com/wolflang/wolf/internal/typechecker/checker.go:257.53,259.33 1 1
github.com/wolflang/wolf/internal/typechecker/checker.go:259.33,260.27 1 1
github.com/wolflang/wolf/internal/typechecker/checker.go:260.27,262.4 1 0
github.com/wolflang/wolf/internal/typechecker/checker.go:265.2,265.19 1 1
github.com/wolflang/wolf/internal/typechecker/checker.go:265.19,267.3 1 1
github.com/wolflang/wolf/internal/typechecker/checker.go:268.2,268.24 1 1
github.com/wolflang/wolf/internal/typechecker/checker.go:268.24,270.3 1 0
github.com/wolflang/wolf/internal/typechecker/checker.go:273.57,274.38 1 1
github.com/wolflang/wolf/internal/typechecker/checker.go:274.38,275.26 1 1
github.com/wolflang/wolf/internal/typechecker/checker.go:275.26,277.4 1 0
github.com/wolflang/wolf/internal/typechecker/checker.go:279.2,279.37 1 1
github.com/wolflang/wolf/internal/typechecker/checker.go:279.37,281.3 1 1
github.com/wolflang/wolf/internal/typechecker/checker.go:285.56,288.18 1 0
github.com/wolflang/wolf/internal/typechecker/checker.go:288.18,290.37 2 0
github.com/wolflang/wolf/internal/typechecker/checker.go:290.37,291.44 1 0
github.com/wolflang/wolf/internal/typechecker/checker.go:291.44,293.5 1 0
github.com/wolflang/wolf/internal/typechecker/checker.go:297.2,297.25 1 0
github.com/wolflang/wolf/internal/typechecker/checker.go:297.25,299.3 1 0
github.com/wolflang/wolf/internal/typechecker/checker.go:304.53,305.17 1 1
github.com/wolflang/wolf/internal/typechecker/checker.go:305.17,307.3 1 0
github.com/wolflang/wolf/internal/typechecker/checker.go:309.2,309.26 1 1
github.com/wolflang/wolf/internal/typechecker/checker.go:310.26,312.23 2 1
github.com/wolflang/wolf/internal/typechecker/checker.go:314.25,315.25 1 0
github.com/wolflang/wolf/internal/typechecker/checker.go:317.27,318.25 1 1
github.com/wolflang/wolf/internal/typechecker/checker.go:320.24,322.30 2 1
github.com/wolflang/wolf/internal/typechecker/checker.go:322.30,324.4 1 1
github.com/wolflang/wolf/internal/typechecker/checker.go:325.3,325.34 1 1
github.com/wolflang/wolf/internal/typechecker/checker.go:325.34,327.4 1 0
github.com/wolflang/wolf/internal/typechecker/checker.go:329.30,330.24 1 1
github.com/wolflang/wolf/internal/typechecker/checker.go:332.26,334.30 2 0
github.com/wolflang/wolf/internal/typechecker/checker.go:334.30,336.4 1 0
github.com/wolflang/wolf/internal/typechecker/checker.go:338.25,340.23 2 0
github.com/wolflang/wolf/internal/typechecker/checker.go:342.23,343.30 1 1
github.com/wolflang/wolf/internal/typechecker/checker.go:343.30,345.4 1 1
github.com/wolflang/wolf/internal/typechecker/checker.go:347.27,348.20 1 0
github.com/wolflang/wolf/internal/typechecker/checker.go:348.20,350.4 1 0
github.com/wolflang/wolf/internal/typechecker/checker.go:351.3,351.25 1 0
github.com/wolflang/wolf/internal/typechecker/checker.go:351.25,353.4 1 0
github.com/wolflang/wolf/internal/typechecker/checker.go:355.25,356.23 1 0
github.com/wolflang/wolf/internal/typechecker/checker.go:358.25,359.22 1 0
github.com/wolflang/wolf/internal/typechecker/checker.go:361.24,363.23 2 0
github.com/wolflang/wolf/internal/typechecker/checker.go:365.27,366.25 1 0
github.com/wolflang/wolf/internal/typechecker/checker.go:368.25,369.25 1 0
github.com/wolflang/wolf/internal/typechecker/checker.go:371.25,372.21 1 1
github.com/wolflang/wolf/internal/typechecker/checker.go:374.28,375.35 1 1
github.com/wolflang/wolf/internal/typechecker/checker.go:375.35,377.4 1 1
github.com/wolflang/wolf/internal/typechecker/checker.go:379.26,381.25 1 0
github.com/wolflang/wolf/internal/typechecker/checker.go:381.25,384.4 2 0
github.com/wolflang/wolf/internal/typechecker/checker.go:386.34,387.32 1 0
github.com/wolflang/wolf/internal/typechecker/checker.go:387.32,389.4 1 0
github.com/wolflang/wolf/internal/typechecker/checker.go:391.28,393.23 2 0
github.com/wolflang/wolf/internal/typechecker/checker.go:395.26,396.30 1 0
github.com/wolflang/wolf/internal/typechecker/checker.go:396.30,398.4 1 0
github.com/wolflang/wolf/internal/typechecker/checker.go:403.81,403.81 0 1
github.com/wolflang/wolf/internal/typechecker/checker.go:411.62,412.21 1 1
github.com/wolflang/wolf/internal/typechecker/checker.go:413.26,414.17 1 1
github.com/wolflang/wolf/internal/typechecker/checker.go:415.28,416.19 1 1
github.com/wolflang/wolf/internal/typechecker/checker.go:417.77,418.20 1 1
github.com/wolflang/wolf/internal/typechecker/checker.go:419.27,420.18 1 1
github.com/wolflang/wolf/internal/typechecker/checker.go:421.26,422.17 1 1
github.com/wolflang/wolf/internal/typechecker/checker.go:423.28,424.19 1 1
github.com/wolflang/wolf/internal/typechecker/checker.go:425.26,426.17 1 1
github.com/wolflang/wolf/internal/typechecker/checker.go:427.27,428.18 1 0
github.com/wolflang/wolf/internal/typechecker/checker.go:429.27,430.21 1 0
github.com/wolflang/wolf/internal/typechecker/checker.go:431.25,432.19 1 0
github.com/wolflang/wolf/internal/typechecker/checker.go:433.10,434.17 1 1
github.com/wolflang/wolf/internal/typechecker/checker.go:440.84,446.2 1 1
github.com/wolflang/wolf/internal/typechecker/checker.go:448.86,455.2 1 0
github.com/wolflang/wolf/internal/typechecker/checker.go:478.82,479.18 1 1
github.com/wolflang/wolf/internal/typechecker/checker.go:479.18,481.3 1 0
github.com/wolflang/wolf/internal/typechecker/checker.go:484.2,486.40 2 1
github.com/wolflang/wolf/internal/typechecker/checker.go:486.40,489.18 2 1
github.com/wolflang/wolf/internal/typechecker/checker.go:489.18,490.12 1 0
github.com/wolflang/wolf/internal/typechecker/checker.go:493.3,494.10 2 1
github.com/wolflang/wolf/internal/typechecker/checker.go:494.10,495.12 1 1
github.com/wolflang/wolf/internal/typechecker/checker.go:498.3,500.35 2 0
github.com/wolflang/wolf/internal/typechecker/checker.go:500.35,502.12 2 0
github.com/wolflang/wolf/internal/typechecker/checker.go:505.3,505.32 1 0
github.com/wolflang/wolf/internal/typechecker/checker.go:505.32,506.30 1 0
github.com/wolflang/wolf/internal/typechecker/checker.go:506.30,511.5 1 0
github.com/wolflang/wolf/internal/typechecker/checker.go:517.58,518.26 1 1
github.com/wolflang/wolf/internal/typechecker/checker.go:519.30,520.16 1 1
github.com/wolflang/wolf/internal/typechecker/checker.go:521.26,522.17 1 0
github.com/wolflang/wolf/internal/typechecker/checker.go:523.23,524.17 1 0
github.com/wolflang/wolf/internal/typechecker/checker.go:526.2,526.12 1 0
github.com/wolflang/wolf/internal/typechecker/checker.go:530.46,531.26 1 0
github.com/wolflang/wolf/internal/typechecker/checker.go:532.27,533.16 1 0
github.com/wolflang/wolf/internal/typechecker/checker.go:534.26,535.16 1 0
github.com/wolflang/wolf/internal/typechecker/checker.go:537.2,537.12 1 0
github.com/wolflang/wolf/scratch/list_assets.go:9.13,10.81 1 0
github.com/wolflang/wolf/scratch/list_assets.go:10.81,11.17 1 0
github.com/wolflang/wolf/scratch/list_assets.go:11.17,13.4 1 0
github.com/wolflang/wolf/scratch/list_assets.go:14.3,14.17 1 0
github.com/wolflang/wolf/scratch/list_assets.go:14.17,16.4 1 0
github.com/wolflang/wolf/scratch/list_assets.go:17.3,17.13 1 0
github.com/wolflang/wolf/stdlib/database.go:42.33,43.18 1 1
github.com/wolflang/wolf/stdlib/database.go:44.15,46.43 1 1
github.com/wolflang/wolf/stdlib/database.go:47.18,49.20 2 1
github.com/wolflang/wolf/stdlib/database.go:49.20,51.4 1 1
github.com/wolflang/wolf/stdlib/database.go:52.3,53.52 1 1
github.com/wolflang/wolf/stdlib/database.go:54.17,55.16 1 1
github.com/wolflang/wolf/stdlib/database.go:56.10,57.84 1 0
github.com/wolflang/wolf/stdlib/database.go:62.51,68.16 3 1
github.com/wolflang/wolf/stdlib/database.go:68.16,70.3 1 1
github.com/wolflang/wolf/stdlib/database.go:72.2,73.51 2 1
github.com/wolflang/wolf/stdlib/database.go:73.51,75.3 1 1
github.com/wolflang/wolf/stdlib/database.go:77.2,77.31 1 1
github.com/wolflang/wolf/stdlib/database.go:77.31,79.3 1 1
github.com/wolflang/wolf/stdlib/database.go:80.2,80.28 1 1
github.com/wolflang/wolf/stdlib/database.go:80.28,81.30 1 1
github.com/wolflang/wolf/stdlib/database.go:82.16,83.28 1 1
github.com/wolflang/wolf/stdlib/database.go:84.19,85.28 1 0
github.com/wolflang/wolf/stdlib/database.go:89.2,89.27 1 1
github.com/wolflang/wolf/stdlib/database.go:93.30,97.2 1 1
github.com/wolflang/wolf/stdlib/database.go:100.46,105.2 1 0
github.com/wolflang/wolf/stdlib/database.go:108.52,110.16 2 0
github.com/wolflang/wolf/stdlib/database.go:110.16,112.3 1 0
github.com/wolflang/wolf/stdlib/database.go:113.2,113.34 1 0
github.com/wolflang/wolf/stdlib/database.go:113.34,115.3 1 0
github.com/wolflang/wolf/stdlib/database.go:116.2,117.12 2 0
github.com/wolflang/wolf/stdlib/database.go:121.34,122.17 1 1
github.com/wolflang/wolf/stdlib/database.go:122.17,124.3 1 0
github.com/wolflang/wolf/stdlib/database.go:125.2,125.12 1 1
github.com/wolflang/wolf/stdlib/database.go:129.33,131.2 1 0
github.com/wolflang/wolf/stdlib/database.go:136.41,142.2 5 1
github.com/wolflang/wolf/stdlib/database.go:145.58,147.2 1 1
github.com/wolflang/wolf/stdlib/database.go:150.36,151.17 1 1
github.com/wolflang/wolf/stdlib/database.go:151.17,153.3 1 1
github.com/wolflang/wolf/stdlib/database.go:155.2,158.43 3 0
github.com/wolflang/wolf/stdlib/database.go:158.43,160.17 2 0
github.com/wolflang/wolf/stdlib/database.go:160.17,163.4 2 0
github.com/wolflang/wolf/stdlib/database.go:164.3,164.18 1 0
github.com/wolflang/wolf/stdlib/database.go:165.8,167.17 2 0
github.com/wolflang/wolf/stdlib/database.go:167.17,170.4 2 0
github.com/wolflang/wolf/stdlib/database.go:171.3,171.40 1 0
github.com/wolflang/wolf/stdlib/database.go:174.2,174.12 1 0
github.com/wolflang/wolf/stdlib/database.go:178.66,179.21 1 0
github.com/wolflang/wolf/stdlib/database.go:179.21,181.3 1 0
github.com/wolflang/wolf/stdlib/database.go:182.2,185.16 3 0
github.com/wolflang/wolf/stdlib/database.go:185.16,187.3 1 0
github.com/wolflang/wolf/stdlib/database.go:189.2,190.22 2 0
github.com/wolflang/wolf/stdlib/database.go:190.22,193.25 3 0
github.com/wolflang/wolf/stdlib/database.go:193.25,195.4 1 0
github.com/wolflang/wolf/stdlib/database.go:197.3,197.53 1 0
github.com/wolflang/wolf/stdlib/database.go:197.53,199.4 1 0
github.com/wolflang/wolf/stdlib/database.go:201.3,202.31 2 0
github.com/wolflang/wolf/stdlib/database.go:202.31,204.33 2 0
github.com/wolflang/wolf/stdlib/database.go:204.33,206.5 1 0
github.com/wolflang/wolf/stdlib/database.go:206.10,208.5 1 0
github.com/wolflang/wolf/stdlib/database.go:210.3,210.33 1 0
github.com/wolflang/wolf/stdlib/database.go:213.2,214.32 2 0
github.com/wolflang/wolf/stdlib/database.go:218.61,220.16 2 0
github.com/wolflang/wolf/stdlib/database.go:220.16,222.3 1 0
github.com/wolflang/wolf/stdlib/database.go:223.2,223.23 1 0
github.com/wolflang/wolf/stdlib/database.go:223.23,225.3 1 0
github.com/wolflang/wolf/stdlib/database.go:226.2,226.24 1 0
github.com/wolflang/wolf/stdlib/database.go:230.37,232.2 1 1
github.com/wolflang/wolf/stdlib/database.go:235.38,237.2 1 0
github.com/wolflang/wolf/stdlib/database.go:242.111,244.29 2 0
github.com/wolflang/wolf/stdlib/database.go:244.29,246.3 1 0
github.com/wolflang/wolf/stdlib/database.go:247.2,247.36 1 0
github.com/wolflang/wolf/stdlib/database.go:247.36,249.3 1 0
github.com/wolflang/wolf/stdlib/database.go:250.2,250.22 1 0
github.com/wolflang/wolf/stdlib/database.go:254.109,256.29 2 0
github.com/wolflang/wolf/stdlib/database.go:256.29,258.3 1 0
github.com/wolflang/wolf/stdlib/database.go:259.2,259.36 1 0
github.com/wolflang/wolf/stdlib/database.go:259.36,261.3 1 0
github.com/wolflang/wolf/stdlib/database.go:262.2,262.19 1 0
github.com/wolflang/wolf/stdlib/database.go:268.62,277.31 5 1
github.com/wolflang/wolf/stdlib/database.go:277.31,279.3 1 1
github.com/wolflang/wolf/stdlib/database.go:281.2,281.35 1 1
github.com/wolflang/wolf/stdlib/database.go:281.35,282.40 1 1
github.com/wolflang/wolf/stdlib/database.go:282.40,283.51 1 1
github.com/wolflang/wolf/stdlib/database.go:283.51,285.5 1 0
github.com/wolflang/wolf/stdlib/database.go:289.2,289.27 1 1
github.com/wolflang/wolf/stdlib/database.go:289.27,291.37 2 1
github.com/wolflang/wolf/stdlib/database.go:291.37,293.4 1 0
github.com/wolflang/wolf/stdlib/database.go:294.3,294.37 1 1
github.com/wolflang/wolf/stdlib/database.go:294.37,297.4 2 1
github.com/wolflang/wolf/stdlib/database.go:300.2,300.20 1 1
github.com/wolflang/wolf/stdlib/env.go:14.39,16.2 1 1
github.com/wolflang/wolf/stdlib/env.go:19.58,21.15 2 1
github.com/wolflang/wolf/stdlib/env.go:21.15,23.3 1 1
github.com/wolflang/wolf/stdlib/env.go:24.2,24.12 1 0
github.com/wolflang/wolf/stdlib/env.go:28.45,30.2 1 1
github.com/wolflang/wolf/stdlib/env.go:33.40,35.2 1 1
github.com/wolflang/wolf/stdlib/env.go:38.40,40.35 2 1
github.com/wolflang/wolf/stdlib/env.go:40.35,42.22 2 1
github.com/wolflang/wolf/stdlib/env.go:42.22,44.4 1 1
github.com/wolflang/wolf/stdlib/env.go:46.2,46.15 1 1
github.com/wolflang/wolf/stdlib/env.go:50.37,53.2 2 1
github.com/wolflang/wolf/stdlib/env.go:56.44,58.16 2 1
github.com/wolflang/wolf/stdlib/env.go:58.16,60.3 1 1
github.com/wolflang/wolf/stdlib/env.go:61.2,65.21 4 1
github.com/wolflang/wolf/stdlib/env.go:65.21,70.49 3 1
github.com/wolflang/wolf/stdlib/env.go:70.49,71.12 1 1
github.com/wolflang/wolf/stdlib/env.go:74.3,75.22 2 1
github.com/wolflang/wolf/stdlib/env.go:75.22,76.12 1 0
github.com/wolflang/wolf/stdlib/env.go:79.3,83.22 3 1
github.com/wolflang/wolf/stdlib/env.go:83.22,85.55 1 1
github.com/wolflang/wolf/stdlib/env.go:85.55,87.5 1 1
github.com/wolflang/wolf/stdlib/env.go:90.3,90.24 1 1
github.com/wolflang/wolf/stdlib/env.go:93.2,93.22 1 1
github.com/wolflang/wolf/stdlib/env.go:97.43,99.9 2 0
github.com/wolflang/wolf/stdlib/env.go:99.9,100.79 1 0
github.com/wolflang/wolf/stdlib/env.go:102.2,102.12 1 0
github.com/wolflang/wolf/stdlib/json.go:11.46,13.16 2 1
github.com/wolflang/wolf/stdlib/json.go:13.16,15.3 1 0
github.com/wolflang/wolf/stdlib/json.go:16.2,16.21 1 1
github.com/wolflang/wolf/stdlib/json.go:20.46,22.59 2 1
github.com/wolflang/wolf/stdlib/json.go:22.59,24.3 1 1
github.com/wolflang/wolf/stdlib/json.go:25.2,25.15 1 1
github.com/wolflang/wolf/stdlib/json.go:29.60,31.59 2 1
github.com/wolflang/wolf/stdlib/json.go:31.59,33.3 1 0
github.com/wolflang/wolf/stdlib/json.go:34.2,34.15 1 1
github.com/wolflang/wolf/stdlib/json.go:38.53,40.59 2 1
github.com/wolflang/wolf/stdlib/json.go:40.59,42.3 1 0
github.com/wolflang/wolf/stdlib/json.go:43.2,43.15 1 1
github.com/wolflang/wolf/stdlib/json.go:47.52,49.16 2 1
github.com/wolflang/wolf/stdlib/json.go:49.16,51.3 1 0
github.com/wolflang/wolf/stdlib/json.go:52.2,52.21 1 1
github.com/wolflang/wolf/stdlib/json.go:56.38,58.2 1 1
github.com/wolflang/wolf/stdlib/math.go:18.40,20.2 1 1
github.com/wolflang/wolf/stdlib/math.go:23.41,25.2 1 1
github.com/wolflang/wolf/stdlib/math.go:28.42,30.2 1 1
github.com/wolflang/wolf/stdlib/math.go:33.42,35.2 1 1
github.com/wolflang/wolf/stdlib/math.go:38.56,41.2 2 1
github.com/wolflang/wolf/stdlib/math.go:44.41,46.2 1 1
github.com/wolflang/wolf/stdlib/math.go:49.43,51.2 1 1
github.com/wolflang/wolf/stdlib/math.go:54.40,56.2 1 1
github.com/wolflang/wolf/stdlib/math.go:59.42,61.2 1 1
github.com/wolflang/wolf/stdlib/math.go:64.43,66.2 1 1
github.com/wolflang/wolf/stdlib/math.go:69.43,71.2 1 1
github.com/wolflang/wolf/stdlib/math.go:74.54,75.15 1 1
github.com/wolflang/wolf/stdlib/math.go:75.15,77.3 1 1
github.com/wolflang/wolf/stdlib/math.go:78.2,78.15 1 1
github.com/wolflang/wolf/stdlib/math.go:78.15,80.3 1 1
github.com/wolflang/wolf/stdlib/math.go:81.2,81.12 1 1
github.com/wolflang/wolf/stdlib/math.go:85.34,87.2 1 1
github.com/wolflang/wolf/stdlib/math.go:90.40,92.2 1 1
github.com/wolflang/wolf/stdlib/math.go:95.47,97.2 1 1
github.com/wolflang/wolf/stdlib/math.go:100.40,102.2 1 1
github.com/wolflang/wolf/stdlib/math.go:105.40,107.2 1 1
github.com/wolflang/wolf/stdlib/math.go:110.40,112.2 1 0
github.com/wolflang/wolf/stdlib/redis.go:45.43,46.22 1 1
github.com/wolflang/wolf/stdlib/redis.go:46.22,48.3 1 1
github.com/wolflang/wolf/stdlib/redis.go:49.2,49.23 1 1
github.com/wolflang/wolf/stdlib/redis.go:49.23,51.3 1 1
github.com/wolflang/wolf/stdlib/redis.go:52.2,57.3 1 1
github.com/wolflang/wolf/stdlib/redis.go:61.41,63.2 1 1
github.com/wolflang/wolf/stdlib/redis.go:68.13,72.2 2 1
github.com/wolflang/wolf/stdlib/redis.go:75.33,78.2 1 0
github.com/wolflang/wolf/stdlib/redis.go:81.40,82.19 1 1
github.com/wolflang/wolf/stdlib/redis.go:82.19,84.3 1 1
github.com/wolflang/wolf/stdlib/redis.go:85.2,86.12 2 1
github.com/wolflang/wolf/stdlib/redis.go:90.77,91.19 1 1
github.com/wolflang/wolf/stdlib/redis.go:91.19,93.3 1 0
github.com/wolflang/wolf/stdlib/redis.go:94.2,94.36 1 1
github.com/wolflang/wolf/stdlib/redis.go:98.52,99.19 1 1
github.com/wolflang/wolf/stdlib/redis.go:99.19,101.3 1 0
github.com/wolflang/wolf/stdlib/redis.go:102.2,102.28 1 1
github.com/wolflang/wolf/stdlib/redis.go:106.55,107.19 1 1
github.com/wolflang/wolf/stdlib/redis.go:107.19,109.3 1 0
github.com/wolflang/wolf/stdlib/redis.go:110.2,110.31 1 1
github.com/wolflang/wolf/stdlib/redis.go:114.75,115.19 1 1
github.com/wolflang/wolf/stdlib/redis.go:115.19,117.3 1 0
github.com/wolflang/wolf/stdlib/redis.go:118.2,118.39 1 1
github.com/wolflang/wolf/stdlib/redis.go:122.57,123.19 1 1
github.com/wolflang/wolf/stdlib/redis.go:123.19,125.3 1 0
github.com/wolflang/wolf/stdlib/redis.go:126.2,126.32 1 1
github.com/wolflang/wolf/stdlib/redis.go:130.64,131.19 1 1
github.com/wolflang/wolf/stdlib/redis.go:131.19,133.3 1 0
github.com/wolflang/wolf/stdlib/redis.go:134.2,134.28 1 1
github.com/wolflang/wolf/stdlib/redis.go:138.31,139.19 1 1
github.com/wolflang/wolf/stdlib/redis.go:139.19,141.3 1 1
github.com/wolflang/wolf/stdlib/redis.go:142.2,142.12 1 0
github.com/wolflang/wolf/stdlib/redis.go:155.36,160.2 1 1
github.com/wolflang/wolf/stdlib/redis.go:162.55,165.30 3 1
github.com/wolflang/wolf/stdlib/redis.go:165.30,167.3 1 1
github.com/wolflang/wolf/stdlib/redis.go:168.2,168.49 1 1
github.com/wolflang/wolf/stdlib/redis.go:171.81,176.2 4 1
github.com/wolflang/wolf/stdlib/redis.go:178.58,182.25 4 1
github.com/wolflang/wolf/stdlib/redis.go:182.25,183.29 1 1
github.com/wolflang/wolf/stdlib/redis.go:183.29,186.4 2 1
github.com/wolflang/wolf/stdlib/redis.go:188.2,188.19 1 1
github.com/wolflang/wolf/stdlib/redis.go:191.61,195.25 4 1
github.com/wolflang/wolf/stdlib/redis.go:195.25,196.29 1 1
github.com/wolflang/wolf/stdlib/redis.go:196.29,198.4 1 1
github.com/wolflang/wolf/stdlib/redis.go:200.2,200.19 1 1
github.com/wolflang/wolf/stdlib/redis.go:203.71,205.2 1 0
github.com/wolflang/wolf/stdlib/redis.go:207.79,209.2 1 0
github.com/wolflang/wolf/stdlib/redis.go:211.79,213.2 1 0
github.com/wolflang/wolf/stdlib/redis.go:215.70,217.2 1 0
github.com/wolflang/wolf/stdlib/redis.go:219.81,222.31 3 1
github.com/wolflang/wolf/stdlib/redis.go:222.31,224.3 1 1
github.com/wolflang/wolf/stdlib/redis.go:225.2,226.15 2 1
github.com/wolflang/wolf/stdlib/redis.go:229.63,232.30 3 1
github.com/wolflang/wolf/stdlib/redis.go:232.30,233.28 1 1
github.com/wolflang/wolf/stdlib/redis.go:233.28,235.4 1 1
github.com/wolflang/wolf/stdlib/redis.go:237.2,237.42 1 0
github.com/wolflang/wolf/stdlib/redis.go:240.70,243.30 3 1
github.com/wolflang/wolf/stdlib/redis.go:243.30,245.3 1 1
github.com/wolflang/wolf/stdlib/redis.go:246.2,246.33 1 0
github.com/wolflang/wolf/stdlib/redis.go:249.37,249.51 1 1
github.com/wolflang/wolf/stdlib/redis.go:250.37,250.51 1 0
github.com/wolflang/wolf/stdlib/strings.go:13.52,15.2 1 1
github.com/wolflang/wolf/stdlib/strings.go:18.54,20.2 1 1
github.com/wolflang/wolf/stdlib/strings.go:23.52,25.2 1 1
github.com/wolflang/wolf/stdlib/strings.go:28.50,30.2 1 1
github.com/wolflang/wolf/stdlib/strings.go:33.60,35.2 1 1
github.com/wolflang/wolf/stdlib/strings.go:38.42,40.2 1 1
github.com/wolflang/wolf/stdlib/strings.go:43.54,45.2 1 1
github.com/wolflang/wolf/stdlib/strings.go:48.43,50.2 1 1
github.com/wolflang/wolf/stdlib/strings.go:53.43,55.2 1 1
github.com/wolflang/wolf/stdlib/strings.go:58.55,60.2 1 1
github.com/wolflang/wolf/stdlib/strings.go:63.60,65.2 1 1
github.com/wolflang/wolf/stdlib/strings.go:68.41,70.2 1 1
github.com/wolflang/wolf/stdlib/strings.go:73.55,75.2 1 1
github.com/wolflang/wolf/stdlib/strings.go:78.45,80.54 2 1
github.com/wolflang/wolf/stdlib/strings.go:80.54,82.3 1 1
github.com/wolflang/wolf/stdlib/strings.go:83.2,83.22 1 1
github.com/wolflang/wolf/stdlib/strings.go:87.48,89.2 1 1
github.com/wolflang/wolf/stdlib/strings.go:92.63,94.15 2 1
github.com/wolflang/wolf/stdlib/strings.go:94.15,96.3 1 0
github.com/wolflang/wolf/stdlib/strings.go:97.2,97.22 1 1
github.com/wolflang/wolf/stdlib/strings.go:97.22,99.3 1 1
github.com/wolflang/wolf/stdlib/strings.go:100.2,100.18 1 1
github.com/wolflang/wolf/stdlib/strings.go:100.18,102.3 1 1
github.com/wolflang/wolf/stdlib/strings.go:103.2,103.33 1 1
github.com/wolflang/wolf/stdlib/strings.go:107.69,108.22 1 1
github.com/wolflang/wolf/stdlib/strings.go:108.22,110.3 1 1
github.com/wolflang/wolf/stdlib/strings.go:111.2,111.10 1 1
github.com/wolflang/wolf/stdlib/strings.go:115.70,116.22 1 1
github.com/wolflang/wolf/stdlib/strings.go:116.22,118.3 1 1
github.com/wolflang/wolf/stdlib/strings.go:119.2,119.10 1 1
github.com/wolflang/wolf/stdlib/strings.go:123.43,125.2 1 1
github.com/wolflang/wolf/stdlib/strings.go:128.45,129.13 1 1
github.com/wolflang/wolf/stdlib/strings.go:129.13,131.3 1 1
github.com/wolflang/wolf/stdlib/strings.go:132.2,132.22 1 1
github.com/wolflang/wolf/stdlib/strings.go:132.22,133.26 1 1
github.com/wolflang/wolf/stdlib/strings.go:133.26,135.4 1 1
github.com/wolflang/wolf/stdlib/strings.go:137.2,137.13 1 1
github.com/wolflang/wolf/stdlib/strings.go:141.43,142.13 1 1
github.com/wolflang/wolf/stdlib/strings.go:142.13,144.3 1 0
github.com/wolflang/wolf/stdlib/strings.go:145.2,145.22 1 1
github.com/wolflang/wolf/stdlib/strings.go:145.22,146.27 1 1
github.com/wolflang/wolf/stdlib/strings.go:146.27,148.4 1 1
github.com/wolflang/wolf/stdlib/strings.go:150.2,150.13 1 1
github.com/wolflang/wolf/stdlib/strings.go:154.43,156.2 1 0
github.com/wolflang/wolf/internal/mlbridge/bridge.go:46.20,50.2 1 1
github.com/wolflang/wolf/internal/mlbridge/bridge.go:53.31,57.19 3 1
github.com/wolflang/wolf/internal/mlbridge/bridge.go:57.19,59.3 1 0
github.com/wolflang/wolf/internal/mlbridge/bridge.go:62.2,63.16 2 1
github.com/wolflang/wolf/internal/mlbridge/bridge.go:63.16,65.3 1 0
github.com/wolflang/wolf/internal/mlbridge/bridge.go:66.2,68.12 3 1
github.com/wolflang/wolf/internal/mlbridge/bridge.go:72.35,79.2 5 1
github.com/wolflang/wolf/internal/mlbridge/bridge.go:82.39,84.2 1 1
github.com/wolflang/wolf/internal/mlbridge/bridge.go:87.38,89.2 1 1
github.com/wolflang/wolf/internal/mlbridge/bridge.go:95.48,96.34 1 1
github.com/wolflang/wolf/internal/mlbridge/bridge.go:96.34,98.3 1 0
github.com/wolflang/wolf/internal/mlbridge/bridge.go:99.2,99.43 1 1
github.com/wolflang/wolf/internal/mlbridge/bridge.go:104.111,105.20 1 1
github.com/wolflang/wolf/internal/mlbridge/bridge.go:105.20,106.34 1 0
github.com/wolflang/wolf/internal/mlbridge/bridge.go:106.34,108.4 1 0
github.com/wolflang/wolf/internal/mlbridge/bridge.go:111.2,120.16 3 1
github.com/wolflang/wolf/internal/mlbridge/bridge.go:120.16,122.3 1 0
github.com/wolflang/wolf/internal/mlbridge/bridge.go:125.2,129.22 3 1
github.com/wolflang/wolf/internal/mlbridge/bridge.go:129.22,132.31 3 0
github.com/wolflang/wolf/internal/mlbridge/bridge.go:132.31,133.39 1 0
github.com/wolflang/wolf/internal/mlbridge/bridge.go:133.39,135.10 2 0
github.com/wolflang/wolf/internal/mlbridge/bridge.go:140.2,141.16 2 1
github.com/wolflang/wolf/internal/mlbridge/bridge.go:141.16,144.3 2 1
github.com/wolflang/wolf/internal/mlbridge/bridge.go:147.2,148.20 2 1
github.com/wolflang/wolf/internal/mlbridge/bridge.go:148.20,152.51 2 1
github.com/wolflang/wolf/internal/mlbridge/bridge.go:152.51,154.74 2 1
github.com/wolflang/wolf/internal/mlbridge/bridge.go:154.74,156.5 1 0
github.com/wolflang/wolf/internal/mlbridge/bridge.go:158.4,158.22 1 1
github.com/wolflang/wolf/internal/mlbridge/bridge.go:158.22,160.5 1 0
github.com/wolflang/wolf/internal/mlbridge/bridge.go:161.9,164.4 1 1
github.com/wolflang/wolf/internal/mlbridge/bridge.go:167.2,167.20 1 1
github.com/wolflang/wolf/internal/mlbridge/bridge.go:171.114,173.12 2 1
github.com/wolflang/wolf/internal/mlbridge/bridge.go:173.12,176.3 2 1
github.com/wolflang/wolf/internal/mlbridge/bridge.go:177.2,177.11 1 1
github.com/wolflang/wolf/internal/mlbridge/bridge.go:181.63,185.41 3 1
github.com/wolflang/wolf/internal/mlbridge/bridge.go:185.41,187.3 1 1
github.com/wolflang/wolf/internal/mlbridge/bridge.go:189.2,194.19 3 1
github.com/wolflang/wolf/internal/mlbridge/bridge.go:198.61,203.2 4 1
github.com/wolflang/wolf/internal/mlbridge/bridge.go:206.43,208.2 1 0
github.com/wolflang/wolf/internal/mlbridge/bridge.go:216.113,222.21 3 1
github.com/wolflang/wolf/internal/mlbridge/bridge.go:222.21,224.25 1 1
github.com/wolflang/wolf/internal/mlbridge/bridge.go:224.25,226.40 2 1
github.com/wolflang/wolf/internal/mlbridge/bridge.go:226.40,228.5 1 1
github.com/wolflang/wolf/internal/mlbridge/bridge.go:230.3,231.17 2 1
github.com/wolflang/wolf/internal/mlbridge/bridge.go:231.17,233.4 1 0
github.com/wolflang/wolf/internal/mlbridge/bridge.go:235.3,237.25 3 1
github.com/wolflang/wolf/internal/mlbridge/bridge.go:237.25,241.4 2 1
github.com/wolflang/wolf/internal/mlbridge/bridge.go:245.2,250.22 4 1
github.com/wolflang/wolf/internal/mlbridge/bridge.go:250.22,252.29 2 1
github.com/wolflang/wolf/internal/mlbridge/bridge.go:252.29,254.39 2 1
github.com/wolflang/wolf/internal/mlbridge/bridge.go:254.39,256.5 1 1
github.com/wolflang/wolf/internal/mlbridge/bridge.go:257.4,259.26 1 1
github.com/wolflang/wolf/internal/mlbridge/bridge.go:261.3,261.85 1 1
github.com/wolflang/wolf/internal/mlbridge/bridge.go:264.2,264.25 1 1
github.com/wolflang/wolf/internal/mlbridge/bridge.go:268.35,270.34 2 1
github.com/wolflang/wolf/internal/mlbridge/bridge.go:270.34,272.17 2 1
github.com/wolflang/wolf/internal/mlbridge/bridge.go:272.17,276.63 3 1
github.com/wolflang/wolf/internal/mlbridge/bridge.go:276.63,278.5 1 1
github.com/wolflang/wolf/internal/mlbridge/bridge.go:281.2,281.84 1 0
